ID,Date,Primary Type,Location Description,Arrest,Latitude,Longitude
8421488,01/01/2012 01:19:00 AM,ARSON,RESIDENCE PORCH/HALLWAY,False,41.994586517,-87.657610865
8423396,01/02/2012 10:48:00 PM,ARSON,RESIDENCE-GARAGE,False,41.873414354,-87.728269323
8425593,01/03/2012 08:59:00 PM,ARSON,VEHICLE NON-COMMERCIAL,False,41.886524426,-87.744256733
8426392,01/04/2012 09:30:00 PM,ARSON,RESIDENTIAL YARD (FRONT/BACK),False,41.769626279,-87.684600022
8426550,01/05/2012 02:21:00 AM,ARSON,CHURCH/SYNAGOGUE/PLACE OF WORSHIP,False,41.682243383,-87.642057528
8426557,01/05/2012 04:45:00 AM,ARSON,RESIDENCE PORCH/HALLWAY,False,41.773341845,-87.585250879
8428712,01/06/2012 10:00:00 AM,ARSON,RESIDENCE-GARAGE,False,41.896299943,-87.715120638
8429792,01/06/2012 11:30:00 PM,ARSON,APARTMENT,False,41.879860127,-87.771384873
8430140,01/07/2012 04:22:00 AM,ARSON,RESIDENTIAL YARD (FRONT/BACK),False,41.921073825,-87.751140977
8430776,01/08/2012 01:25:00 AM,ARSON,STREET,False,41.97997359,-87.767180743
8431721,01/08/2012 11:15:00 PM,ARSON,DAY CARE CENTER,False,41.759022365,-87.563682751
8431728,01/08/2012 11:15:00 PM,ARSON,VEHICLE NON-COMMERCIAL,False,41.77395769,-87.735345594
8432143,01/09/2012 08:15:00 AM,ARSON,RESTAURANT,False,41.895513392,-87.710742689
8433189,01/09/2012 06:30:00 PM,ARSON,VEHICLE NON-COMMERCIAL,False,41.728757956,-87.593732702
8433285,01/09/2012 09:35:00 PM,ARSON,VEHICLE NON-COMMERCIAL,False,41.911282534,-87.759892978
8435079,01/11/2012 01:25:00 AM,ARSON,VEHICLE NON-COMMERCIAL,False,41.855466983,-87.701774663
8439685,01/14/2012 03:15:00 AM,ARSON,APARTMENT,False,41.763635959,-87.693002917
8439741,01/14/2012 04:38:00 AM,ARSON,APARTMENT,True,41.77857777,-87.729322944
8441263,01/15/2012 09:30:00 PM,ARSON,DRIVEWAY - RESIDENTIAL,False,41.750570213,-87.60152637
8441781,01/16/2012 10:56:00 AM,ARSON,RESIDENCE,False,41.733322448,-87.66177779
8442388,01/16/2012 10:20:00 PM,ARSON,RESIDENCE-GARAGE,False,41.937704603,-87.701456392
8442450,01/17/2012 01:50:00 AM,ARSON,BARBERSHOP,False,41.858875593,-87.72417387
8442913,01/17/2012 09:05:00 AM,ARSON,APARTMENT,False,41.748042884,-87.664592685
8445469,01/18/2012 08:31:00 PM,ARSON,GROCERY FOOD STORE,False,41.750400515,-87.660408795
8446498,01/17/2012 06:30:00 AM,ARSON,RESIDENCE,True,41.995278839,-87.682442158
8449854,01/23/2012 01:25:00 AM,ARSON,RESTAURANT,False,41.892517133,-87.745722214
8450707,01/23/2012 03:30:00 AM,ARSON,STREET,False,41.927896236,-87.747415136
8451457,01/24/2012 02:53:00 AM,ARSON,VEHICLE NON-COMMERCIAL,False,41.912135019,-87.731287459
8451458,01/24/2012 02:50:00 AM,ARSON,VEHICLE NON-COMMERCIAL,False,41.910725183,-87.732468992
8454851,01/26/2012 12:41:00 AM,ARSON,RESIDENCE-GARAGE,False,41.849155434,-87.69684878
8456942,01/26/2012 05:00:00 AM,ARSON,RESIDENCE,False,41.904628748,-87.710051684
8459420,01/29/2012 10:42:00 AM,ARSON,RESIDENCE,True,41.657917246,-87.596084425
8460583,01/29/2012 08:00:00 PM,ARSON,CHA PARKING LOT/GROUNDS,False,41.656527347,-87.602332158
8461701,01/31/2012 01:49:00 AM,ARSON,RESIDENCE,True,41.777995665,-87.706216282
8461707,01/31/2012 01:10:00 AM,ARSON,RESIDENCE-GARAGE,True,41.775266755,-87.70652149
8461708,01/31/2012 01:10:00 AM,ARSON,RESIDENCE-GARAGE,True,41.775267295,-87.70662047
8462244,01/31/2012 05:40:00 AM,ARSON,RESIDENCE,False,41.706812021,-87.691501601
8462334,01/31/2012 07:35:00 AM,ARSON,VEHICLE NON-COMMERCIAL,False,41.883176805,-87.741125656
8462470,01/31/2012 07:30:00 AM,ARSON,RESIDENCE,False,41.728893348,-87.598581569
8463481,02/01/2012 04:24:00 AM,ARSON,RESIDENCE,False,41.777829443,-87.611962305
8466997,02/03/2012 07:30:00 AM,ARSON,VEHICLE NON-COMMERCIAL,False,41.758089919,-87.633737995
8467423,02/03/2012 11:14:00 AM,ARSON,VEHICLE NON-COMMERCIAL,False,41.800562205,-87.669625236
8471571,02/06/2012 07:35:00 PM,ARSON,APARTMENT,False,41.824237868,-87.670235628
8473356,02/08/2012 04:41:00 AM,ARSON,RESIDENCE,False,41.938700188,-87.643661118
8474753,02/09/2012 03:30:00 AM,ARSON,RESIDENCE-GARAGE,False,41.853906605,-87.681829326
8483207,02/16/2012 02:20:00 AM,ARSON,VEHICLE NON-COMMERCIAL,False,41.807837783,-87.658872712
8483730,02/16/2012 09:15:00 AM,ARSON,STREET,False,41.662712614,-87.642632436
8485380,02/17/2012 11:10:00 AM,ARSON,VEHICLE NON-COMMERCIAL,False,41.927895992,-87.747367365
8486397,02/18/2012 06:50:00 AM,ARSON,APARTMENT,True,41.96901359,-87.660455237
8487455,02/19/2012 10:28:00 AM,ARSON,STREET,True,41.891782115,-87.76655721
8488002,02/20/2012 02:45:00 AM,ARSON,VEHICLE NON-COMMERCIAL,False,41.996401399,-87.69716052
8490765,02/22/2012 03:06:00 AM,ARSON,APARTMENT,True,41.962361027,-87.654756322
8491992,02/23/2012 02:20:00 AM,ARSON,APARTMENT,False,41.890703091,-87.750550083
8492377,02/23/2012 07:00:00 AM,ARSON,ABANDONED BUILDING,False,41.773135838,-87.642633156
8493395,02/23/2012 09:10:00 PM,ARSON,RESIDENCE PORCH/HALLWAY,False,41.974294529,-87.724560976
8493479,02/23/2012 09:21:00 PM,ARSON,RESIDENCE PORCH/HALLWAY,False,41.971894167,-87.72730876
8494994,02/24/2012 08:24:00 PM,ARSON,APARTMENT,False,41.879860127,-87.771384873
8495332,02/25/2012 10:20:00 AM,ARSON,RESIDENTIAL YARD (FRONT/BACK),False,41.694525182,-87.661646944
8496252,02/26/2012 12:52:00 PM,ARSON,ABANDONED BUILDING,False,41.691638989,-87.626553651
8499660,02/28/2012 08:05:00 PM,ARSON,CHA APARTMENT,True,41.655660527,-87.59680543
8499869,02/29/2012 04:00:00 AM,ARSON,VEHICLE NON-COMMERCIAL,False,41.924254716,-87.691480231
8501340,03/01/2012 03:10:00 AM,ARSON,FACTORY/MANUFACTURING BUILDING,False,41.850803837,-87.725560799
8502473,02/27/2012 08:00:00 PM,ARSON,VEHICLE NON-COMMERCIAL,False,41.796143363,-87.735498799
8504585,03/03/2012 02:27:00 AM,ARSON,VEHICLE NON-COMMERCIAL,True,41.722616325,-87.62869054
8505307,03/03/2012 08:28:00 PM,ARSON,RESIDENCE-GARAGE,False,41.785711644,-87.691136952
8505589,03/03/2012 11:55:00 PM,ARSON,RESIDENCE,False,41.797431742,-87.772208239
8505909,03/04/2012 06:20:00 AM,ARSON,APARTMENT,False,41.766988136,-87.575101271
8506449,03/05/2012 02:30:00 AM,ARSON,RESIDENCE-GARAGE,False,41.939355367,-87.704226118
8509077,03/06/2012 12:30:00 AM,ARSON,RESIDENCE,False,41.798425654,-87.702478072
8509080,03/07/2012 01:30:00 AM,ARSON,RESIDENCE-GARAGE,False,41.801104078,-87.687172669
8509491,03/07/2012 06:43:00 AM,ARSON,RESIDENCE,False,41.812179788,-87.751841995
8510513,03/07/2012 08:30:00 PM,ARSON,VEHICLE NON-COMMERCIAL,False,41.865362129,-87.717830789
8510680,03/07/2012 10:37:00 PM,ARSON,RESIDENCE,False,42.001883866,-87.696094161
8511091,03/06/2012 03:02:00 AM,ARSON,ALLEY,False,41.934774667,-87.71676324
8513436,03/08/2012 09:00:00 PM,ARSON,VEHICLE NON-COMMERCIAL,False,41.923234205,-87.724289638
8513858,03/09/2012 07:45:00 PM,ARSON,STREET,False,41.99285243,-87.672262539
8513925,03/09/2012 08:52:00 PM,ARSON,VEHICLE NON-COMMERCIAL,False,41.936335832,-87.650743194
8514123,03/10/2012 03:05:00 AM,ARSON,VEHICLE NON-COMMERCIAL,False,41.878334186,-87.697179887
8514661,03/10/2012 03:30:00 PM,ARSON,RESIDENCE,False,41.732031676,-87.608335046
8515185,03/10/2012 11:30:00 PM,ARSON,VEHICLE NON-COMMERCIAL,False,41.879425509,-87.751342911
8516645,03/12/2012 09:18:00 AM,ARSON,VEHICLE NON-COMMERCIAL,False,41.764293212,-87.58010338
8517493,03/12/2012 08:30:00 PM,ARSON,VEHICLE NON-COMMERCIAL,False,41.765755571,-87.576292427
8520964,03/14/2012 05:50:00 PM,ARSON,OTHER,False,41.87373811,-87.701752707
8522411,03/14/2012 11:22:00 PM,ARSON,RESIDENCE-GARAGE,False,41.96871975,-87.737918099
8524014,03/17/2012 02:18:00 AM,ARSON,VEHICLE NON-COMMERCIAL,False,41.753819454,-87.644126664
8525307,03/18/2012 04:30:00 AM,ARSON,VEHICLE NON-COMMERCIAL,False,41.9036575,-87.723895321
8525435,03/18/2012 09:20:00 AM,ARSON,VEHICLE NON-COMMERCIAL,False,41.702438584,-87.625768921
8525868,03/12/2012 04:27:00 PM,ARSON,VEHICLE NON-COMMERCIAL,False,41.777412992,-87.633366711
8528173,03/20/2012 01:12:00 AM,ARSON,RESIDENCE,False,41.751174826,-87.548036521
8531596,03/21/2012 05:20:00 PM,ARSON,RESIDENCE,False,41.73350388,-87.612022514
8531752,03/21/2012 09:15:00 PM,ARSON,VEHICLE NON-COMMERCIAL,False,41.885985436,-87.722506193
8531876,03/22/2012 12:45:00 AM,ARSON,VEHICLE NON-COMMERCIAL,False,41.910456169,-87.728794006
8532253,03/21/2012 05:30:00 PM,ARSON,CONSTRUCTION SITE,False,41.894907524,-87.758768643
8533600,03/22/2012 10:34:00 PM,ARSON,RESIDENCE,True,41.851602787,-87.720465972
8533707,03/22/2012 11:15:00 PM,ARSON,RESIDENCE-GARAGE,False,41.782118891,-87.688602589
8536771,03/25/2012 05:50:00 AM,ARSON,VEHICLE NON-COMMERCIAL,False,41.951658843,-87.77672482
8537190,03/25/2012 10:35:00 AM,ARSON,VEHICLE NON-COMMERCIAL,False,41.934042089,-87.740761924
8539538,03/27/2012 12:10:00 AM,ARSON,VEHICLE NON-COMMERCIAL,False,41.953508869,-87.740092691
8543201,03/28/2012 09:15:00 PM,ARSON,RESIDENCE,False,41.727087796,-87.597327295
8544722,03/30/2012 02:30:00 AM,ARSON,VEHICLE NON-COMMERCIAL,False,41.800686734,-87.65990127
8544956,03/30/2012 04:23:00 AM,ARSON,RESIDENCE,False,41.751246152,-87.558949206
8547264,04/01/2012 01:20:00 AM,ARSON,VEHICLE NON-COMMERCIAL,False,41.970983112,-87.713435548
8549270,04/02/2012 03:29:00 PM,ARSON,VEHICLE NON-COMMERCIAL,False,41.884776788,-87.682331057
8549757,04/02/2012 11:45:00 PM,ARSON,RESIDENCE,False,41.866346741,-87.772931369
8549762,04/03/2012 02:25:00 AM,ARSON,RESIDENTIAL YARD (FRONT/BACK),False,41.751246152,-87.558949206
8550050,04/03/2012 06:45:00 AM,ARSON,VEHICLE NON-COMMERCIAL,False,41.899806157,-87.729908278
8550367,04/03/2012 07:00:00 AM,ARSON,RESIDENCE,False,42.000875194,-87.666826517
8551485,04/04/2012 02:15:00 AM,ARSON,CHURCH/SYNAGOGUE/PLACE OF WORSHIP,False,41.752090412,-87.653779875
8552827,04/04/2012 08:05:00 PM,ARSON,RESIDENCE,False,41.750680175,-87.566215768
8552860,04/05/2012 02:14:00 AM,ARSON,STREET,False,41.93184703,-87.767481581
8553754,04/05/2012 03:05:00 AM,ARSON,COMMERCIAL / BUSINESS OFFICE,False,41.849990271,-87.646457361
8554095,04/05/2012 04:00:00 PM,ARSON,RESIDENCE,False,41.686334757,-87.650708723
8555847,04/06/2012 09:06:00 PM,ARSON,RESIDENCE-GARAGE,False,41.900331047,-87.764461326
8556028,04/07/2012 02:00:00 AM,ARSON,VEHICLE NON-COMMERCIAL,False,41.91895337,-87.769454713
8559524,04/09/2012 09:22:00 PM,ARSON,RESIDENCE PORCH/HALLWAY,False,42.003026112,-87.67052737
8559607,04/10/2012 12:50:00 AM,ARSON,VEHICLE NON-COMMERCIAL,False,41.898426363,-87.700444287
8560521,04/10/2012 02:20:00 AM,ARSON,VEHICLE NON-COMMERCIAL,False,41.901604744,-87.710584339
8561432,04/11/2012 03:30:00 AM,ARSON,VEHICLE NON-COMMERCIAL,False,41.775846138,-87.663306744
8561449,04/11/2012 03:30:00 AM,ARSON,RESIDENCE,False,41.761576526,-87.578038592
8564895,04/13/2012 12:36:00 AM,ARSON,VEHICLE NON-COMMERCIAL,True,41.8469906,-87.722183606
8566515,04/14/2012 02:20:00 AM,ARSON,VEHICLE NON-COMMERCIAL,True,41.938456767,-87.702000282
8566784,04/13/2012 11:00:00 PM,ARSON,RESIDENCE,False,41.893479454,-87.763512091
8567605,04/15/2012 02:31:00 AM,ARSON,ABANDONED BUILDING,False,41.878856397,-87.726745508
8567757,04/15/2012 06:25:00 AM,ARSON,RESIDENCE,False,41.789304119,-87.676609489
8570473,04/17/2012 12:03:00 AM,ARSON,APARTMENT,True,41.877498158,-87.760444798
8572253,04/17/2012 09:53:00 PM,ARSON,VEHICLE NON-COMMERCIAL,False,41.831178131,-87.685626407
8573562,04/18/2012 06:25:00 PM,ARSON,RESIDENCE-GARAGE,False,41.928770645,-87.749913407
8573681,04/18/2012 07:40:00 PM,ARSON,VEHICLE NON-COMMERCIAL,False,41.898033319,-87.700830172
8573898,04/19/2012 12:25:00 AM,ARSON,VEHICLE NON-COMMERCIAL,False,41.931096211,-87.778957962
8573906,04/19/2012 01:36:00 AM,ARSON,VEHICLE NON-COMMERCIAL,False,41.865607812,-87.704420974
8575331,04/19/2012 06:13:00 PM,ARSON,VEHICLE NON-COMMERCIAL,True,41.901038772,-87.754518775
8575643,04/20/2012 03:35:00 AM,ARSON,WAREHOUSE,False,41.852750046,-87.640815604
8577918,04/21/2012 05:00:00 PM,ARSON,ABANDONED BUILDING,False,41.780753935,-87.650888836
8578142,04/21/2012 07:40:00 PM,ARSON,ABANDONED BUILDING,False,41.780737448,-87.650885344
8578185,04/21/2012 10:00:00 PM,ARSON,ABANDONED BUILDING,False,41.780583393,-87.654527718
8578187,04/21/2012 09:50:00 PM,ARSON,GOVERNMENT BUILDING/PROPERTY,False,41.937887307,-87.781056615
8579188,04/21/2012 09:52:00 PM,ARSON,ABANDONED BUILDING,False,41.780792352,-87.650888428
8580850,04/23/2012 11:55:00 PM,ARSON,VEHICLE NON-COMMERCIAL,False,41.837796837,-87.713390474
8580911,04/24/2012 03:40:00 AM,ARSON,RESIDENCE PORCH/HALLWAY,False,41.68282621,-87.630014421
8580919,04/24/2012 04:30:00 AM,ARSON,VEHICLE NON-COMMERCIAL,False,41.688317671,-87.627783544
8581731,04/24/2012 02:30:00 AM,ARSON,RESIDENCE,False,41.740018014,-87.556332391
8582557,04/24/2012 10:30:00 PM,ARSON,VEHICLE NON-COMMERCIAL,False,41.797374202,-87.691999717
8587363,04/28/2012 02:37:00 AM,ARSON,VEHICLE NON-COMMERCIAL,False,42.015388084,-87.680481853
8588639,04/29/2012 02:30:00 AM,ARSON,VEHICLE NON-COMMERCIAL,False,41.764417461,-87.63586122
8588660,04/29/2012 08:31:00 AM,ARSON,VEHICLE NON-COMMERCIAL,False,41.876227537,-87.721596698
8589223,04/29/2012 06:59:00 PM,ARSON,VEHICLE NON-COMMERCIAL,False,41.883962158,-87.73803733
8598930,05/04/2012 06:10:00 PM,ARSON,APARTMENT,True,41.762942698,-87.58847261
8629935,05/25/2012 06:55:00 AM,ARSON,RESIDENCE,True,41.713486243,-87.567401694
8648925,06/08/2012 03:50:00 AM,ARSON,SIDEWALK,True,41.973068306,-87.659780043
8652964,06/11/2012 04:20:00 AM,ARSON,RESIDENCE,True,41.690702351,-87.628654503
8666427,06/18/2012 03:16:00 AM,ARSON,APARTMENT,True,41.883518667,-87.757625783
8671890,06/22/2012 12:50:00 AM,ARSON,VEHICLE NON-COMMERCIAL,True,41.848942976,-87.713701284
8686570,07/01/2012 07:53:00 PM,ARSON,PARK PROPERTY,True,41.761796557,-87.583559663
8687764,07/02/2012 01:05:00 PM,ARSON,APARTMENT,True,41.865456866,-87.704418782
8689983,07/03/2012 04:32:00 PM,ARSON,ALLEY,True,41.760620094,-87.582847636
8694510,07/07/2012 01:21:00 AM,ARSON,RESIDENCE,True,41.673238367,-87.619031745
8768172,08/23/2012 06:36:00 AM,ARSON,VEHICLE NON-COMMERCIAL,True,41.87494761,-87.732826253
8769657,08/23/2012 07:00:00 PM,ARSON,RESIDENCE-GARAGE,True,41.700135447,-87.525760454
8777115,08/28/2012 03:56:00 PM,ARSON,APARTMENT,True,41.998283492,-87.704554719
8777774,08/29/2012 06:20:00 AM,ARSON,RESIDENCE PORCH/HALLWAY,True,41.855781078,-87.715118246
8785581,09/03/2012 04:50:00 PM,ARSON,VACANT LOT/LAND,True,41.772671628,-87.632593424
8799677,09/13/2012 12:30:00 AM,ARSON,VEHICLE NON-COMMERCIAL,True,41.794907367,-87.675547472
8804596,09/16/2012 12:45:00 AM,ARSON,ALLEY,True,42.005689634,-87.680393375
8820128,09/27/2012 12:09:00 AM,ARSON,RESIDENTIAL YARD (FRONT/BACK),True,41.683440084,-87.624069785
8834672,10/06/2012 05:22:00 PM,ARSON,VEHICLE NON-COMMERCIAL,True,41.753040988,-87.664716719
8835831,10/08/2012 06:00:00 AM,ARSON,STREET,True,41.90809043,-87.72459892
8838304,10/09/2012 04:40:00 PM,ARSON,OTHER,True,41.880516845,-87.743639915
8889395,11/15/2012 10:43:00 AM,ARSON,ABANDONED BUILDING,True,41.68397459,-87.625301303
8900307,11/24/2012 01:55:00 AM,ARSON,VEHICLE NON-COMMERCIAL,True,41.903903442,-87.692944102
8900346,11/24/2012 03:10:00 AM,ARSON,VEHICLE NON-COMMERCIAL,True,41.947853216,-87.809514637
8911029,12/01/2012 03:15:00 AM,ARSON,RESIDENCE,True,41.695558396,-87.62797537
8922927,12/09/2012 03:45:00 AM,ARSON,ALLEY,True,41.937492367,-87.779395071
8935308,12/18/2012 07:15:00 AM,ARSON,RESIDENCE,True,41.671829524,-87.634493467
8942006,12/23/2012 02:18:00 AM,ARSON,ALLEY,True,41.945899539,-87.653074607
8949106,12/29/2012 10:27:00 PM,ARSON,APARTMENT,True,41.847554154,-87.713659632
8963020,01/10/2013 03:33:00 AM,ARSON,VEHICLE NON-COMMERCIAL,True,41.791281871,-87.694953727
8964583,01/11/2013 01:54:00 AM,ARSON,VEHICLE NON-COMMERCIAL,True,41.773977101,-87.731180798
8972737,01/16/2013 10:14:00 PM,ARSON,APARTMENT,True,41.969256062,-87.739207483
8984586,01/26/2013 12:22:00 AM,ARSON,RESIDENCE-GARAGE,True,41.909085239,-87.71561081
8993868,02/01/2013 06:37:00 PM,ARSON,STREET,True,41.731513627,-87.661723358
9012031,02/17/2013 04:45:00 AM,ARSON,VEHICLE NON-COMMERCIAL,True,41.789892439,-87.791492457
9016750,02/20/2013 03:34:00 PM,ARSON,APARTMENT,True,41.747184808,-87.603851467
9019790,02/22/2013 09:35:00 AM,ARSON,APARTMENT,True,41.768069819,-87.567306284
9047850,03/14/2013 07:10:00 AM,ARSON,APARTMENT,True,41.750364359,-87.601521379
9059538,03/23/2013 08:36:00 PM,ARSON,OTHER,True,41.822720655,-87.697976489
9064510,03/27/2013 08:33:00 PM,ARSON,STREET,True,41.772943356,-87.688360881
9068805,03/31/2013 05:00:00 AM,ARSON,SMALL RETAIL STORE,True,41.820961613,-87.693041117
9078317,04/07/2013 03:45:00 PM,ARSON,STREET,True,41.86804111,-87.721021242
9078691,04/08/2013 12:30:00 AM,ARSON,APARTMENT,True,41.882834035,-87.702522443
9079634,04/08/2013 11:30:00 AM,ARSON,VEHICLE NON-COMMERCIAL,True,41.918205415,-87.74615533
9088888,04/15/2013 05:57:00 AM,ARSON,ABANDONED BUILDING,True,41.747527287,-87.554028482
9103651,04/25/2013 10:15:00 PM,ARSON,VEHICLE NON-COMMERCIAL,True,41.855505367,-87.622858279
9114916,05/04/2013 03:30:00 AM,ARSON,STREET,True,41.776457059,-87.682214166
9132597,05/16/2013 02:31:00 PM,ARSON,RESIDENCE,True,41.883445336,-87.753957824
9139378,05/05/2013 10:30:00 PM,ARSON,RESIDENCE,True,41.756802969,-87.601166028
9144380,05/24/2013 03:50:00 PM,ARSON,BOAT/WATERCRAFT,True,41.862843364,-87.609216011
9164873,06/08/2013 02:10:00 PM,ARSON,GROCERY FOOD STORE,True,41.978991238,-87.659941972
9169531,06/11/2013 10:10:00 PM,ARSON,RESIDENCE,True,41.708933541,-87.563313652
9178419,06/17/2013 04:11:00 PM,ARSON,APARTMENT,True,41.747038041,-87.607543271
9191701,06/26/2013 05:24:00 PM,ARSON,PARK PROPERTY,True,41.96498423,-87.758246066
8421394,01/01/2012 12:15:00 AM,BATTERY,OTHER,False,41.891070406,-87.616613661
8421402,01/01/2012 12:30:00 AM,BATTERY,SIDEWALK,False,41.726585801,-87.614264931
8421431,01/01/2012 01:35:00 AM,BATTERY,OTHER,False,41.88470705,-87.712353282
8421434,01/01/2012 01:15:00 AM,BATTERY,APARTMENT,False,41.874129407,-87.74333513
8421436,01/01/2012 12:35:00 AM,BATTERY,BAR OR TAVERN,True,41.909779456,-87.676533323
8421437,01/01/2012 12:00:00 AM,BATTERY,SIDEWALK,False,41.8853992,-87.741571528
8421439,01/01/2012 12:30:00 AM,BATTERY,RESIDENCE,False,41.885377038,-87.743665
8421445,01/01/2012 12:10:00 AM,BATTERY,RESIDENCE PORCH/HALLWAY,False,41.679244262,-87.637129451
8421452,01/01/2012 02:05:00 AM,BATTERY,RESIDENCE,False,41.747398278,-87.55523933
8421462,01/01/2012 01:00:00 AM,BATTERY,APARTMENT,True,41.765424622,-87.578129085
8421465,01/01/2012 01:53:00 AM,BATTERY,GAS STATION,True,41.969650539,-87.669461423
8421467,01/01/2012 01:00:00 AM,BATTERY,OTHER,False,41.758536614,-87.586130225
8421469,01/01/2012 01:00:00 AM,BATTERY,HOTEL/MOTEL,True,41.872709056,-87.624187857
8421470,01/01/2012 02:05:00 AM,BATTERY,SIDEWALK,True,41.920657269,-87.776145534
8421472,01/01/2012 01:38:00 AM,BATTERY,APARTMENT,False,41.817643766,-87.604618853
8421477,01/01/2012 01:30:00 AM,BATTERY,STREET,False,41.924435828,-87.766007399
8421479,01/01/2012 01:00:00 AM,BATTERY,STREET,False,41.81487296,-87.688296208
8421484,01/01/2012 02:18:00 AM,BATTERY,APARTMENT,True,41.752715896,-87.584434962
8421487,01/01/2012 01:50:00 AM,BATTERY,APARTMENT,True,41.801211675,-87.676146832
8421495,01/01/2012 02:30:00 AM,BATTERY,STREET,False,41.800713945,-87.676929439
8421505,01/01/2012 03:00:00 AM,BATTERY,OTHER,False,41.891948167,-87.628073894
8421506,01/01/2012 02:06:00 AM,BATTERY,HOTEL/MOTEL,True,41.891243826,-87.620225683
8421507,01/01/2012 02:30:00 AM,BATTERY,OTHER,False,41.879893301,-87.627721751
8421508,01/01/2012 12:35:00 AM,BATTERY,SIDEWALK,False,41.900580739,-87.62928659
8421510,01/01/2012 02:15:00 AM,BATTERY,RESIDENCE,True,41.941844225,-87.682052285
8421511,01/01/2012 12:30:00 AM,BATTERY,CHA APARTMENT,False,41.825471604,-87.612198222
8421512,01/01/2012 01:25:00 AM,BATTERY,SIDEWALK,False,41.897810085,-87.62410122
8421518,01/01/2012 03:00:00 AM,BATTERY,RESIDENCE PORCH/HALLWAY,False,41.959466873,-87.692660146
8421520,01/01/2012 01:00:00 AM,BATTERY,SIDEWALK,False,41.958117298,-87.71427351
8421523,01/01/2012 03:25:00 AM,BATTERY,STREET,True,41.89039523,-87.647607586
8421524,01/01/2012 02:30:00 AM,BATTERY,SIDEWALK,True,41.946085125,-87.654293024
8421525,01/01/2012 02:29:00 AM,BATTERY,APARTMENT,True,41.861102936,-87.691245828
8421529,01/01/2012 01:30:00 AM,BATTERY,BAR OR TAVERN,False,41.943094852,-87.649362556
8421532,01/01/2012 02:40:00 AM,BATTERY,HOTEL/MOTEL,True,41.880775433,-87.627029031
8421535,01/01/2012 01:55:00 AM,BATTERY,STREET,False,41.946680309,-87.65609893
8421537,01/01/2012 01:45:00 AM,BATTERY,APARTMENT,False,42.017759407,-87.670963196
8421538,01/01/2012 02:50:00 AM,BATTERY,APARTMENT,False,41.767919899,-87.646915641
8421540,01/01/2012 01:55:00 AM,BATTERY,RESIDENCE,False,41.77162354,-87.661576396
8421550,01/01/2012 03:05:00 AM,BATTERY,RESTAURANT,True,41.990468345,-87.695163359
8421554,01/01/2012 03:00:00 AM,BATTERY,STREET,False,41.945858556,-87.823624262
8421558,01/01/2012 02:18:00 AM,BATTERY,SIDEWALK,True,41.936326807,-87.683718213
8421560,01/01/2012 03:39:00 AM,BATTERY,APARTMENT,False,41.743356675,-87.602582986
8421570,01/01/2012 03:00:00 AM,BATTERY,RESIDENCE,True,41.924838896,-87.759863467
8421572,01/01/2012 03:00:00 AM,BATTERY,APARTMENT,False,41.892009355,-87.762019317
8421573,01/01/2012 03:15:00 AM,BATTERY,RESIDENCE,False,41.885698957,-87.748660199
8421579,01/01/2012 12:08:00 AM,BATTERY,STREET,False,41.857274455,-87.644778959
8421580,01/01/2012 02:25:00 AM,BATTERY,TAVERN/LIQUOR STORE,False,41.910494911,-87.676875003
8421583,01/01/2012 03:45:00 AM,BATTERY,STREET,False,41.858005578,-87.652799209
8421588,01/01/2012 12:30:00 AM,BATTERY,STREET,False,41.917697575,-87.688819651
8421589,01/01/2012 03:50:00 AM,BATTERY,STREET,False,41.80099297,-87.65504587
8421591,01/01/2012 12:05:00 AM,BATTERY,HOTEL/MOTEL,True,41.880483386,-87.62773362
8421593,01/01/2012 02:50:00 AM,BATTERY,PARKING LOT/GARAGE(NON.RESID.),False,41.946628027,-87.708334129
8421595,01/01/2012 04:00:00 AM,BATTERY,STREET,False,41.799020932,-87.650137605
8421597,01/01/2012 03:27:00 AM,BATTERY,STREET,False,41.832516493,-87.648577971
8421598,01/01/2012 02:30:00 AM,BATTERY,SIDEWALK,True,41.899728371,-87.666241133
8421599,01/01/2012 02:25:00 AM,BATTERY,APARTMENT,False,41.854066534,-87.671880372
8421603,01/01/2012 03:00:00 AM,BATTERY,APARTMENT,True,41.893574529,-87.629705116
8421604,01/01/2012 02:48:00 AM,BATTERY,VEHICLE NON-COMMERCIAL,False,41.894023506,-87.631771695
8421605,01/01/2012 02:59:00 AM,BATTERY,STREET,False,41.902475701,-87.654593661
8421608,01/01/2012 03:50:00 AM,BATTERY,SIDEWALK,True,41.918550701,-87.690229345
8421614,01/01/2012 01:20:00 AM,BATTERY,STREET,False,41.750472394,-87.634297122
8421621,01/01/2012 02:25:00 AM,BATTERY,RESIDENCE,False,41.704824688,-87.60273016
8421626,01/01/2012 12:24:00 AM,BATTERY,APARTMENT,False,41.829701058,-87.646769704
8421627,01/01/2012 04:28:00 AM,BATTERY,RESIDENCE,False,41.742771149,-87.645087604
8421630,01/01/2012 02:30:00 AM,BATTERY,RESIDENCE,False,41.796940373,-87.668309359
8421631,01/01/2012 03:30:00 AM,BATTERY,APARTMENT,False,41.879689031,-87.731654537
8421634,01/01/2012 02:00:00 AM,BATTERY,RESIDENCE,False,41.785848109,-87.607582382
8421640,01/01/2012 04:05:00 AM,BATTERY,SIDEWALK,False,41.890836935,-87.713737288
8421644,01/01/2012 04:45:00 AM,BATTERY,STREET,False,41.879393185,-87.632992969
8421646,01/01/2012 04:00:00 AM,BATTERY,TAVERN/LIQUOR STORE,False,41.91002999,-87.71370969
8421653,01/01/2012 03:10:00 AM,BATTERY,APARTMENT,False,41.92975684,-87.640935112
8421654,01/01/2012 03:30:00 AM,BATTERY,APARTMENT,True,41.928285275,-87.640370399
8421655,01/01/2012 03:50:00 AM,BATTERY,RESIDENCE,True,41.696495197,-87.541349545
8421657,01/01/2012 04:00:00 AM,BATTERY,APARTMENT,False,41.698800794,-87.560754143
8421659,01/01/2012 01:20:00 AM,BATTERY,ALLEY,False,41.869826277,-87.723864309
8421660,01/01/2012 01:20:00 AM,BATTERY,PARKING LOT/GARAGE(NON.RESID.),True,41.84549602,-87.633865582
8421666,01/01/2012 03:44:00 AM,BATTERY,APARTMENT,True,41.909168175,-87.64708709
8421674,01/01/2012 03:36:00 AM,BATTERY,SIDEWALK,False,41.910102898,-87.707922729
8421678,01/01/2012 02:50:00 AM,BATTERY,VEHICLE NON-COMMERCIAL,False,41.9162161,-87.678704893
8421683,01/01/2012 03:30:00 AM,BATTERY,TAXICAB,True,41.954865195,-87.645299318
8421684,01/01/2012 03:30:00 AM,BATTERY,APARTMENT,True,41.963020418,-87.707548886
8421685,01/01/2012 12:45:00 AM,BATTERY,APARTMENT,False,41.920955955,-87.715966658
8421686,01/01/2012 04:45:00 AM,BATTERY,RESIDENCE,False,41.81645503,-87.696904869
8421690,01/01/2012 04:00:00 AM,BATTERY,RESIDENCE,False,41.764564837,-87.637083898
8421691,01/01/2012 03:47:00 AM,BATTERY,STREET,True,41.877074265,-87.726534702
8421692,01/01/2012 03:15:00 AM,BATTERY,BAR OR TAVERN,False,41.918550701,-87.690229345
8421694,01/01/2012 04:30:00 AM,BATTERY,APARTMENT,False,42.015609434,-87.684188906
8421696,01/01/2012 02:26:00 AM,BATTERY,RESIDENCE,False,41.691596176,-87.633909762
8421697,01/01/2012 04:09:00 AM,BATTERY,STREET,False,41.702575384,-87.64513191
8421701,01/01/2012 02:55:00 AM,BATTERY,APARTMENT,False,41.870823127,-87.718843155
8421702,01/01/2012 03:40:00 AM,BATTERY,ABANDONED BUILDING,True,41.809294171,-87.622331081
8421706,01/01/2012 02:17:00 AM,BATTERY,STREET,True,41.893419108,-87.619639541
8421707,01/01/2012 02:00:00 AM,BATTERY,HOTEL/MOTEL,False,41.900017769,-87.623426629
8421708,01/01/2012 04:12:00 AM,BATTERY,SIDEWALK,False,41.679025448,-87.628694051
8421709,01/01/2012 03:25:00 AM,BATTERY,STREET,False,41.877393256,-87.70022224
8421711,01/01/2012 03:00:00 AM,BATTERY,APARTMENT,False,41.855144206,-87.661807983
8421713,01/01/2012 03:30:00 AM,BATTERY,APARTMENT,False,41.909526187,-87.753872672
8421714,01/01/2012 05:00:00 AM,BATTERY,STREET,False,41.898529169,-87.76191713
8421715,01/01/2012 04:30:00 AM,BATTERY,STREET,False,41.771096756,-87.672480512
8421716,01/01/2012 02:20:00 AM,BATTERY,SIDEWALK,False,41.900351005,-87.762400451
8421717,01/01/2012 01:07:00 AM,BATTERY,SIDEWALK,True,41.894024927,-87.63155498
8421718,01/01/2012 03:50:00 AM,BATTERY,RESIDENCE,False,41.877578503,-87.629282088
8421730,01/01/2012 03:26:00 AM,BATTERY,SIDEWALK,True,41.896010197,-87.63716028
8421731,01/01/2012 03:15:00 AM,BATTERY,STREET,False,41.896648654,-87.630248039
8421733,01/01/2012 05:55:00 AM,BATTERY,STREET,False,41.880775433,-87.627029031
8421735,01/01/2012 05:55:00 AM,BATTERY,RESIDENCE,False,41.858121408,-87.727378327
8421736,01/01/2012 04:30:00 AM,BATTERY,RESIDENCE,False,41.860132426,-87.729884957
8421739,01/01/2012 03:25:00 AM,BATTERY,ALLEY,False,41.837514246,-87.73408641
8421741,01/01/2012 03:00:00 AM,BATTERY,SIDEWALK,False,41.927273891,-87.704469775
8421743,01/01/2012 04:00:00 AM,BATTERY,HOTEL/MOTEL,False,41.879410537,-87.631340358
8421744,01/01/2012 01:00:00 AM,BATTERY,APARTMENT,False,41.912531116,-87.690943738
8421745,01/01/2012 05:10:00 AM,BATTERY,SIDEWALK,True,41.880180784,-87.694657201
8421746,01/01/2012 05:14:00 AM,BATTERY,STREET,False,41.785824174,-87.691139496
8421747,01/01/2012 06:00:00 AM,BATTERY,ALLEY,False,41.965839588,-87.663919288
8421755,01/01/2012 03:00:00 AM,BATTERY,APARTMENT,True,41.796321407,-87.687770809
8421757,01/01/2012 03:30:00 AM,BATTERY,OTHER,True,41.801262845,-87.671198736
8421764,01/01/2012 03:47:00 AM,BATTERY,STREET,False,41.877074265,-87.726534702
8421765,01/01/2012 05:00:00 AM,BATTERY,SIDEWALK,False,41.891793516,-87.679380368
8421769,01/01/2012 05:10:00 AM,BATTERY,SIDEWALK,False,41.812837565,-87.726216978
8421772,01/01/2012 05:30:00 AM,BATTERY,APARTMENT,True,41.893202091,-87.675193651
8421777,01/01/2012 06:00:00 AM,BATTERY,RESIDENCE,False,41.766580389,-87.643201997
8421778,01/01/2012 06:00:00 AM,BATTERY,HOTEL/MOTEL,True,41.889243957,-87.628783073
8421783,01/01/2012 04:00:00 AM,BATTERY,RESIDENTIAL YARD (FRONT/BACK),False,41.884990503,-87.758905246
8421788,01/01/2012 06:35:00 AM,BATTERY,RESIDENCE,False,41.899080365,-87.719306961
8421789,01/01/2012 07:30:00 AM,BATTERY,STREET,False,41.870975935,-87.703986513
8421805,01/01/2012 07:20:00 AM,BATTERY,APARTMENT,True,41.867069675,-87.7261961
8421819,01/01/2012 12:30:00 AM,BATTERY,RESIDENCE-GARAGE,False,41.821000514,-87.695594154
8421824,01/01/2012 07:55:00 AM,BATTERY,APARTMENT,False,41.759578644,-87.56315198
8421825,01/01/2012 09:00:00 AM,BATTERY,RESIDENCE,True,41.793879627,-87.677706939
8421840,01/01/2012 06:00:00 AM,BATTERY,APARTMENT,False,41.745126764,-87.602584901
8421848,01/01/2012 05:20:00 AM,BATTERY,APARTMENT,False,41.740037223,-87.55633216
8421851,01/01/2012 07:08:00 AM,BATTERY,STREET,False,41.708276858,-87.625946616
8421858,01/01/2012 07:45:00 AM,BATTERY,APARTMENT,False,41.904461396,-87.667525341
8421881,01/01/2012 10:30:00 AM,BATTERY,APARTMENT,True,41.953635721,-87.650804945
8421913,01/01/2012 10:30:00 AM,BATTERY,APARTMENT,True,41.712082606,-87.623619487
8421918,01/01/2012 10:05:00 AM,BATTERY,RESIDENCE,True,41.856702185,-87.662147747
8421929,01/01/2012 11:35:00 AM,BATTERY,APARTMENT,True,41.770812178,-87.569902065
8421975,01/01/2012 12:45:00 PM,BATTERY,RESIDENCE,True,41.748473982,-87.630606588
8421988,01/01/2012 01:00:00 AM,BATTERY,PARK PROPERTY,True,41.884670744,-87.711729333
8422006,01/01/2012 07:45:00 AM,BATTERY,APARTMENT,True,41.821836221,-87.601904135
8422028,01/01/2012 03:00:00 AM,BATTERY,APARTMENT,True,41.839434081,-87.640225243
8422077,01/01/2012 03:19:00 PM,BATTERY,RESIDENCE,True,41.899364701,-87.771632646
8422082,01/01/2012 02:36:00 PM,BATTERY,APARTMENT,True,41.775509784,-87.649536644
8422129,01/01/2012 03:50:00 PM,BATTERY,SIDEWALK,True,41.722277204,-87.565894343
8422140,01/01/2012 03:45:00 PM,BATTERY,SIDEWALK,True,41.750488241,-87.607640001
8422164,01/01/2012 05:55:00 PM,BATTERY,APARTMENT,True,41.999679671,-87.681808677
8422180,01/01/2012 05:30:00 PM,BATTERY,RESIDENCE,True,41.838958364,-87.655235925
8422197,01/01/2012 05:25:00 PM,BATTERY,RESIDENCE,True,41.943983586,-87.813075047
8422199,01/01/2012 04:57:00 PM,BATTERY,RESIDENCE,True,41.746409517,-87.642703493
8422261,01/01/2012 06:30:00 PM,BATTERY,APARTMENT,True,41.987970689,-87.65675023
8422374,01/01/2012 09:30:00 PM,BATTERY,APARTMENT,True,41.794644408,-87.582524181
8422454,01/01/2012 07:19:00 PM,BATTERY,STREET,True,41.908059051,-87.631573954
8422489,01/02/2012 01:04:00 AM,BATTERY,ALLEY,True,41.707477628,-87.538914882
8422493,01/01/2012 09:49:00 PM,BATTERY,APARTMENT,True,41.685274433,-87.626927174
8422515,01/02/2012 01:23:00 AM,BATTERY,APARTMENT,True,41.783373035,-87.594707671
8422516,01/02/2012 01:54:00 AM,BATTERY,SIDEWALK,True,41.890049339,-87.628998255
8422519,01/01/2012 10:30:00 PM,BATTERY,APARTMENT,True,41.821002851,-87.695520757
8422557,01/02/2012 04:15:00 AM,BATTERY,RESIDENCE,True,41.805202674,-87.746759142
8422582,01/02/2012 05:00:00 AM,BATTERY,APARTMENT,True,41.836559146,-87.620223934
8422789,01/02/2012 10:42:00 AM,BATTERY,RESIDENCE,True,41.68888449,-87.628472977
8422792,01/02/2012 10:35:00 AM,BATTERY,APARTMENT,True,41.887973344,-87.773318988
8422891,01/02/2012 02:00:00 PM,BATTERY,RESIDENCE,True,41.808595572,-87.62119439
8422931,01/02/2012 02:35:00 PM,BATTERY,SIDEWALK,True,41.935920337,-87.703859271
8422959,01/02/2012 02:28:00 PM,BATTERY,RESIDENCE,True,41.71175083,-87.621447619
8423065,01/02/2012 04:10:00 PM,BATTERY,RESIDENCE,True,41.888967632,-87.773497606
8423070,01/02/2012 04:27:00 PM,BATTERY,CONVENIENCE STORE,True,41.793271516,-87.718608995
8423279,01/02/2012 07:52:00 PM,BATTERY,BAR OR TAVERN,True,41.946217055,-87.655721542
8423300,01/02/2012 09:00:00 PM,BATTERY,SIDEWALK,True,41.805040385,-87.723499395
8423355,01/02/2012 10:00:00 PM,BATTERY,APARTMENT,True,42.007439721,-87.667847101
8423381,01/02/2012 10:52:00 PM,BATTERY,RESIDENCE,True,41.778890264,-87.650838935
8423397,01/02/2012 10:52:00 PM,BATTERY,RESIDENCE PORCH/HALLWAY,True,41.847257061,-87.701440684
8423400,01/02/2012 10:15:00 PM,BATTERY,RESIDENCE,True,41.892641866,-87.704005257
8423437,01/02/2012 10:25:00 PM,BATTERY,RESIDENCE,True,41.900667699,-87.737235695
8423473,01/03/2012 02:45:00 AM,BATTERY,APARTMENT,True,41.917317112,-87.713929467
8423953,01/03/2012 10:16:00 AM,BATTERY,APARTMENT,True,41.858445344,-87.721189877
8424064,01/03/2012 05:45:00 AM,BATTERY,RESIDENCE,True,41.747254729,-87.568601829
8424114,01/03/2012 11:40:00 AM,BATTERY,SIDEWALK,True,41.895452094,-87.71718568
8424173,01/03/2012 10:55:00 AM,BATTERY,APARTMENT,True,41.748739429,-87.601473872
8424253,01/03/2012 12:15:00 PM,BATTERY,SIDEWALK,True,41.7062336,-87.62481543
8424389,01/03/2012 10:15:00 AM,BATTERY,APARTMENT,True,41.766510113,-87.645669701
8424423,01/03/2012 03:00:00 PM,BATTERY,RESIDENCE,True,41.665651556,-87.636679347
8424430,01/03/2012 02:15:00 PM,BATTERY,RESIDENCE,True,41.873806289,-87.694728011
8424431,01/03/2012 03:15:00 PM,BATTERY,APARTMENT,True,41.882364022,-87.755576028
8424457,01/03/2012 03:40:00 PM,BATTERY,RESIDENCE PORCH/HALLWAY,True,41.954439996,-87.727639576
8424498,01/03/2012 04:30:00 PM,BATTERY,SIDEWALK,True,41.997337488,-87.79017775
8424627,01/03/2012 06:45:00 PM,BATTERY,GAS STATION,True,41.765356327,-87.673547448
8424629,01/03/2012 05:31:00 PM,BATTERY,RESIDENCE,True,41.777224371,-87.758108149
8424717,01/03/2012 08:00:00 PM,BATTERY,RESIDENCE,True,41.711678051,-87.636889456
8424730,01/03/2012 06:26:00 PM,BATTERY,APARTMENT,True,41.772898086,-87.571593
8424745,01/03/2012 07:15:00 PM,BATTERY,STREET,True,41.911983786,-87.702602901
8424753,01/03/2012 08:24:00 PM,BATTERY,RESIDENCE,True,41.789485632,-87.691242295
8424804,01/02/2012 11:30:00 PM,BATTERY,APARTMENT,True,41.739356444,-87.604896389
8424864,01/03/2012 09:45:00 PM,BATTERY,APARTMENT,True,41.991319237,-87.658256051
8424872,01/03/2012 09:27:00 PM,BATTERY,RESIDENCE,True,41.979979644,-87.699056261
8424882,01/03/2012 10:10:00 PM,BATTERY,APARTMENT,True,41.762724091,-87.64677309
8424891,01/03/2012 10:50:00 PM,BATTERY,SIDEWALK,True,41.938961969,-87.653041757
8425010,01/04/2012 01:30:00 AM,BATTERY,APARTMENT,True,41.969349668,-87.725634004
8425376,01/04/2012 09:20:00 AM,BATTERY,RESTAURANT,True,41.878638996,-87.627691486
8425583,01/04/2012 11:42:00 AM,BATTERY,PARKING LOT/GARAGE(NON.RESID.),True,41.8804407,-87.749684919
8425624,01/04/2012 12:30:00 PM,BATTERY,APARTMENT,True,41.745010773,-87.655287307
8421444,01/01/2012 01:00:00 AM,BURGLARY,APARTMENT,False,41.732849541,-87.555469899
8421536,01/01/2012 03:10:00 AM,BURGLARY,RESIDENCE,False,41.775156709,-87.648312252
8421978,01/01/2012 12:30:00 AM,BURGLARY,RESIDENCE,False,41.81906226,-87.700411919
8421982,01/01/2012 08:40:00 AM,BURGLARY,RESIDENCE,False,41.705138846,-87.66706262
8422050,01/01/2012 07:09:00 AM,BURGLARY,BAR OR TAVERN,False,41.945989336,-87.757810289
8422083,01/01/2012 06:15:00 AM,BURGLARY,RESIDENCE,False,41.767640908,-87.669964674
8422105,01/01/2012 02:10:00 PM,BURGLARY,RESIDENCE,True,41.85104092,-87.691456579
8422123,01/01/2012 01:00:00 PM,BURGLARY,APARTMENT,False,41.763388425,-87.607952834
8422168,01/01/2012 02:00:00 AM,BURGLARY,APARTMENT,False,41.847509742,-87.68425419
8422215,01/01/2012 02:15:00 PM,BURGLARY,APARTMENT,False,41.767405732,-87.571438037
8422246,01/01/2012 05:30:00 PM,BURGLARY,RESIDENCE-GARAGE,False,41.865635201,-87.722718297
8422265,01/01/2012 07:00:00 AM,BURGLARY,HOTEL/MOTEL,False,41.875355342,-87.629229381
8422311,01/01/2012 02:30:00 PM,BURGLARY,APARTMENT,False,41.761582999,-87.706398108
8422314,01/01/2012 03:00:00 PM,BURGLARY,APARTMENT,False,41.831498729,-87.669203004
8422355,01/01/2012 10:00:00 AM,BURGLARY,RESIDENCE,False,41.773184062,-87.662817546
8422460,01/01/2012 03:00:00 PM,BURGLARY,RESIDENCE,False,41.712655647,-87.621759938
8422463,01/01/2012 11:30:00 AM,BURGLARY,APARTMENT,False,41.791061037,-87.623196337
8422487,01/01/2012 09:00:00 PM,BURGLARY,RESIDENCE,False,41.729302173,-87.631943925
8422503,01/01/2012 08:00:00 AM,BURGLARY,APARTMENT,False,41.788346134,-87.686728772
8422531,01/02/2012 02:25:00 AM,BURGLARY,SMALL RETAIL STORE,False,41.910835515,-87.653351515
8422562,01/01/2012 01:30:00 AM,BURGLARY,CHURCH/SYNAGOGUE/PLACE OF WORSHIP,False,41.735735697,-87.667134852
8422760,01/01/2012 10:00:00 PM,BURGLARY,RESIDENCE-GARAGE,False,41.80933327,-87.685549397
8422831,01/02/2012 11:00:00 AM,BURGLARY,RESIDENCE,False,41.870559581,-87.662902329
8422856,01/02/2012 05:00:00 AM,BURGLARY,RESIDENCE,False,41.671759682,-87.624878823
8422861,01/01/2012 03:30:00 PM,BURGLARY,FACTORY/MANUFACTURING BUILDING,False,41.920806285,-87.668516567
8422865,01/01/2012 07:00:00 PM,BURGLARY,RESIDENCE-GARAGE,False,41.918805657,-87.742266077
8422866,01/02/2012 02:00:00 AM,BURGLARY,RESIDENCE-GARAGE,False,41.780424058,-87.687339993
8422889,01/02/2012 12:40:00 PM,BURGLARY,RESIDENCE,False,41.725278127,-87.605762444
8422890,01/01/2012 10:30:00 AM,BURGLARY,APARTMENT,False,41.855190551,-87.623871195
8422905,01/02/2012 01:00:00 AM,BURGLARY,APARTMENT,False,41.777733397,-87.605870092
8423022,01/02/2012 02:20:00 PM,BURGLARY,APARTMENT,False,41.76514723,-87.579349291
8423074,01/02/2012 12:00:00 PM,BURGLARY,APARTMENT,False,41.745891029,-87.664538063
8423090,01/02/2012 01:00:00 PM,BURGLARY,RESIDENCE,False,41.81529172,-87.671219334
8423098,01/02/2012 03:59:00 PM,BURGLARY,RESIDENCE,True,41.757805848,-87.60049491
8423104,01/02/2012 07:00:00 AM,BURGLARY,RESIDENCE,False,41.783834328,-87.688647735
8423107,01/01/2012 11:00:00 PM,BURGLARY,APARTMENT,False,41.747280106,-87.560092556
8423111,01/02/2012 01:12:00 PM,BURGLARY,RESIDENCE,True,41.97214036,-87.744560685
8423116,01/02/2012 12:00:00 AM,BURGLARY,OTHER,False,41.95823729,-87.702040378
8423134,01/02/2012 05:30:00 PM,BURGLARY,RESIDENCE,False,41.66799112,-87.63917587
8423187,01/02/2012 06:00:00 PM,BURGLARY,APARTMENT,False,41.767328645,-87.573887599
8423188,01/02/2012 02:00:00 PM,BURGLARY,RESIDENCE,False,41.940836213,-87.655352149
8423202,01/02/2012 05:00:00 AM,BURGLARY,APARTMENT,False,41.895805244,-87.683185065
8423215,01/02/2012 09:30:00 AM,BURGLARY,APARTMENT,False,41.929389305,-87.704901013
8423251,01/02/2012 05:00:00 PM,BURGLARY,APARTMENT,False,41.969247861,-87.709720004
8423255,01/02/2012 11:40:00 AM,BURGLARY,OTHER,False,41.912916752,-87.687287942
8423263,01/02/2012 01:30:00 PM,BURGLARY,APARTMENT,False,41.769845874,-87.572336607
8423272,01/02/2012 12:00:00 PM,BURGLARY,RESIDENCE,False,41.65257737,-87.610876984
8423274,01/02/2012 07:30:00 PM,BURGLARY,RESIDENCE,False,41.797957575,-87.735544284
8423304,01/02/2012 10:30:00 AM,BURGLARY,APARTMENT,False,41.941329179,-87.765431303
8423339,01/02/2012 07:30:00 AM,BURGLARY,APARTMENT,False,41.893124489,-87.772234578
8423347,01/02/2012 06:35:00 PM,BURGLARY,RESIDENCE-GARAGE,False,41.930759282,-87.657186117
8423427,01/02/2012 02:00:00 AM,BURGLARY,RESIDENCE-GARAGE,False,41.807192587,-87.730910208
8423438,01/02/2012 02:00:00 PM,BURGLARY,RESIDENCE,False,41.930921296,-87.792340199
8423472,01/03/2012 01:00:00 AM,BURGLARY,RESIDENCE,False,41.893687251,-87.665587791
8423493,01/02/2012 10:55:00 PM,BURGLARY,RESIDENCE,False,41.757151024,-87.651483467
8423497,01/01/2012 11:30:00 PM,BURGLARY,APARTMENT,False,41.938571311,-87.658922942
8423500,01/03/2012 04:18:00 AM,BURGLARY,SMALL RETAIL STORE,False,41.939538767,-87.644383505
8423514,01/03/2012 03:30:00 AM,BURGLARY,COMMERCIAL / BUSINESS OFFICE,False,41.914654083,-87.657297349
8423769,01/02/2012 11:00:00 PM,BURGLARY,RESIDENCE,False,41.938914416,-87.659871272
8423832,01/02/2012 07:00:00 PM,BURGLARY,RESIDENCE-GARAGE,False,41.850059629,-87.697089402
8424122,01/01/2012 01:00:00 PM,BURGLARY,RESIDENCE,False,41.800092603,-87.690314893
8424129,01/03/2012 12:30:00 AM,BURGLARY,RESIDENCE-GARAGE,False,41.747321345,-87.59174239
8424151,01/03/2012 11:55:00 AM,BURGLARY,RESIDENCE,False,41.858357791,-87.711532705
8424156,01/03/2012 08:00:00 AM,BURGLARY,RESIDENCE,False,41.735027712,-87.648471375
8424165,01/03/2012 03:10:00 AM,BURGLARY,SMALL RETAIL STORE,False,41.93121391,-87.676890454
8424204,01/03/2012 05:00:00 AM,BURGLARY,BAR OR TAVERN,False,41.732599207,-87.585555292
8424340,01/03/2012 11:55:00 AM,BURGLARY,RESIDENCE,False,41.737411323,-87.730016606
8424352,01/03/2012 02:00:00 PM,BURGLARY,VACANT LOT/LAND,False,41.789666762,-87.659616927
8424357,01/03/2012 02:30:00 PM,BURGLARY,APARTMENT,False,41.791904042,-87.622391283
8424408,01/03/2012 02:30:00 PM,BURGLARY,RESIDENCE-GARAGE,False,41.708894222,-87.631748298
8424417,01/03/2012 12:20:00 PM,BURGLARY,APARTMENT,True,41.846957764,-87.72738092
8424460,01/03/2012 01:00:00 PM,BURGLARY,RESIDENCE,False,41.690139524,-87.636265088
8424516,01/02/2012 07:00:00 AM,BURGLARY,RESIDENCE,False,41.774517141,-87.604579326
8424562,01/03/2012 12:00:00 PM,BURGLARY,RESIDENCE,False,41.747531274,-87.684005324
8424570,01/03/2012 05:00:00 AM,BURGLARY,APARTMENT,False,41.84745149,-87.712434768
8424585,01/02/2012 11:30:00 AM,BURGLARY,RESIDENCE,False,41.900999077,-87.775328351
8424588,01/03/2012 09:30:00 AM,BURGLARY,RESIDENCE-GARAGE,False,41.919604167,-87.753557368
8424589,01/03/2012 07:00:00 AM,BURGLARY,APARTMENT,False,41.920939239,-87.68020723
8424597,01/03/2012 08:15:00 AM,BURGLARY,APARTMENT,False,41.931169052,-87.706177151
8424607,01/03/2012 08:05:00 AM,BURGLARY,RESIDENCE,False,41.992970311,-87.714068312
8424619,01/03/2012 12:00:00 PM,BURGLARY,APARTMENT,False,41.879216057,-87.699837043
8424641,01/03/2012 10:30:00 AM,BURGLARY,APARTMENT,False,41.748766078,-87.610015728
8424642,01/03/2012 02:00:00 AM,BURGLARY,RESIDENCE-GARAGE,False,41.747549019,-87.546746827
8424647,01/03/2012 11:00:00 AM,BURGLARY,RESIDENCE,False,41.942681245,-87.65133714
8424658,01/03/2012 06:10:00 PM,BURGLARY,APARTMENT,False,41.878155626,-87.688780165
8424661,01/03/2012 05:00:00 AM,BURGLARY,RESIDENCE,False,41.74893912,-87.696263906
8424756,01/03/2012 06:00:00 PM,BURGLARY,RESIDENCE,False,41.772912832,-87.6956748
8424762,01/01/2012 05:00:00 AM,BURGLARY,RESIDENCE,False,41.942250794,-87.764787235
8424768,01/03/2012 11:30:00 AM,BURGLARY,RESIDENCE,False,41.96106517,-87.786831223
8424774,01/03/2012 01:00:00 PM,BURGLARY,RESIDENCE,False,41.747865602,-87.651240929
8424803,01/03/2012 05:00:00 PM,BURGLARY,RESIDENCE-GARAGE,False,41.936962487,-87.749978412
8424845,01/03/2012 09:00:00 AM,BURGLARY,APARTMENT,False,41.77076526,-87.57275831
8424854,01/03/2012 03:45:00 PM,BURGLARY,APARTMENT,False,41.93177757,-87.772340626
8424873,01/03/2012 07:53:00 PM,BURGLARY,RESIDENCE,False,41.946019562,-87.805805979
8424883,01/03/2012 09:00:00 PM,BURGLARY,RESIDENCE,False,41.812421311,-87.751847147
8424887,01/02/2012 10:00:00 AM,BURGLARY,APARTMENT,False,41.698179701,-87.537700123
8424928,01/03/2012 05:00:00 PM,BURGLARY,APARTMENT,False,41.923156362,-87.723066749
8424939,01/03/2012 02:30:00 PM,BURGLARY,APARTMENT,False,41.923965344,-87.665757216
8424941,01/03/2012 06:55:00 AM,BURGLARY,RESIDENCE,False,41.920299323,-87.658292316
8424942,01/03/2012 07:15:00 AM,BURGLARY,RESIDENCE,False,41.920299323,-87.658292316
8424943,01/03/2012 10:10:00 AM,BURGLARY,APARTMENT,False,41.92015226,-87.638242749
8424952,01/03/2012 10:00:00 AM,BURGLARY,RESIDENCE,False,41.920299323,-87.658292316
8424984,01/03/2012 08:00:00 PM,BURGLARY,RESIDENCE,False,41.697622656,-87.619615154
8425011,01/03/2012 01:00:00 PM,BURGLARY,APARTMENT,False,41.783057773,-87.607243529
8425012,01/04/2012 02:26:00 AM,BURGLARY,APARTMENT,False,41.799030006,-87.585505972
8425029,01/02/2012 06:00:00 PM,BURGLARY,OTHER,False,41.7357354,-87.667083562
8425125,01/03/2012 03:10:00 PM,BURGLARY,APARTMENT,False,41.917582181,-87.737574334
8425168,01/04/2012 08:10:00 AM,BURGLARY,RESIDENCE-GARAGE,False,42.013814249,-87.702808424
8425208,01/03/2012 05:00:00 PM,BURGLARY,VACANT LOT/LAND,False,41.893697298,-87.709335252
8425403,01/02/2012 02:50:00 PM,BURGLARY,RESIDENCE,False,41.96274182,-87.785666045
8425422,01/04/2012 07:50:00 AM,BURGLARY,RESIDENCE-GARAGE,True,41.856015648,-87.719968674
8425446,01/04/2012 01:00:00 AM,BURGLARY,CHURCH/SYNAGOGUE/PLACE OF WORSHIP,False,41.861654607,-87.725035886
8425448,01/04/2012 01:00:00 AM,BURGLARY,APARTMENT,False,41.861654607,-87.725035886
8425496,01/04/2012 08:34:00 AM,BURGLARY,APARTMENT,False,41.924339688,-87.677861209
8425506,01/03/2012 06:00:00 PM,BURGLARY,CHURCH/SYNAGOGUE/PLACE OF WORSHIP,False,41.735735697,-87.667134852
8425513,01/02/2012 05:30:00 AM,BURGLARY,RESIDENCE-GARAGE,False,41.742494686,-87.647501625
8425521,01/03/2012 09:00:00 PM,BURGLARY,CONSTRUCTION SITE,False,41.891877604,-87.745698694
8425747,01/04/2012 06:00:00 AM,BURGLARY,RESIDENCE,False,41.772730773,-87.569952633
8425906,01/03/2012 10:30:00 AM,BURGLARY,RESIDENCE,False,41.769786167,-87.662739292
8425925,01/04/2012 09:10:00 AM,BURGLARY,APARTMENT,False,41.690729148,-87.626761321
8425941,01/04/2012 02:30:00 PM,BURGLARY,APARTMENT,False,41.777616384,-87.667112203
8425950,01/04/2012 11:30:00 AM,BURGLARY,RESIDENCE,False,41.747155941,-87.588233705
8425952,01/04/2012 11:00:00 AM,BURGLARY,APARTMENT,False,41.867908317,-87.731199622
8425974,01/03/2012 10:00:00 PM,BURGLARY,RESIDENCE-GARAGE,False,41.802428443,-87.655082078
8426009,01/03/2012 06:00:00 PM,BURGLARY,APARTMENT,False,41.775440837,-87.653177826
8426028,01/03/2012 11:45:00 AM,BURGLARY,BARBERSHOP,False,41.794441307,-87.618219316
8426036,01/04/2012 02:15:00 PM,BURGLARY,APARTMENT,False,41.785308691,-87.606037464
8426041,01/03/2012 03:00:00 PM,BURGLARY,RESIDENCE,False,41.793048647,-87.670626869
8426064,01/04/2012 07:00:00 AM,BURGLARY,APARTMENT,False,41.747741659,-87.669436665
8426076,01/04/2012 08:45:00 AM,BURGLARY,APARTMENT,False,41.940857762,-87.728992101
8426415,01/04/2012 05:30:00 PM,BURGLARY,RESIDENCE,True,41.675560699,-87.633406221
8426515,01/05/2012 01:31:00 AM,BURGLARY,RESIDENCE,True,41.760421686,-87.659765314
8426892,01/05/2012 04:55:00 AM,BURGLARY,STREET,True,41.960996221,-87.785607458
8427622,01/05/2012 05:30:00 AM,BURGLARY,APARTMENT,True,41.758228305,-87.562720981
8427817,01/05/2012 07:00:00 AM,BURGLARY,RESIDENCE,True,41.999614198,-87.685756865
8428058,01/05/2012 04:00:00 PM,BURGLARY,APARTMENT,True,41.733244714,-87.547001979
8428102,01/04/2012 12:01:00 AM,BURGLARY,RESIDENCE,True,41.901270856,-87.761955133
8428383,01/06/2012 06:45:00 AM,BURGLARY,COMMERCIAL / BUSINESS OFFICE,True,41.889120088,-87.665459072
8429236,01/06/2012 02:07:00 PM,BURGLARY,RESIDENCE,True,41.902653277,-87.772955632
8430204,01/07/2012 02:40:00 PM,BURGLARY,SIDEWALK,True,41.880402083,-87.752894698
8430570,01/07/2012 05:35:00 PM,BURGLARY,RESIDENCE,True,41.772465775,-87.711747075
8431184,01/08/2012 12:17:00 PM,BURGLARY,RESIDENCE,True,41.762428332,-87.66739396
8431303,01/08/2012 03:00:00 PM,BURGLARY,RESIDENCE,True,41.689704965,-87.633849701
8431514,01/08/2012 03:45:00 PM,BURGLARY,RESIDENCE,True,41.697732205,-87.562641716
8431761,01/09/2012 03:28:00 AM,BURGLARY,BAR OR TAVERN,True,41.765758187,-87.612541077
8432286,01/08/2012 12:15:00 PM,BURGLARY,APARTMENT,True,41.746241919,-87.662119548
8432843,01/09/2012 07:45:00 AM,BURGLARY,RESIDENCE-GARAGE,True,41.94344806,-87.74532831
8432889,01/09/2012 01:44:00 PM,BURGLARY,ALLEY,True,41.820406812,-87.627846915
8435569,01/11/2012 09:15:00 AM,BURGLARY,APARTMENT,True,41.931056504,-87.706170904
8436343,01/09/2012 08:40:00 AM,BURGLARY,RESIDENCE,True,41.741610312,-87.700462232
8436685,01/11/2012 08:00:00 AM,BURGLARY,RESIDENCE,True,41.778909473,-87.650838732
8437888,01/12/2012 10:59:00 AM,BURGLARY,RESIDENCE,True,41.868571878,-87.660408169
8437925,01/12/2012 03:00:00 PM,BURGLARY,SIDEWALK,True,41.891939589,-87.757939485
8438011,01/12/2012 12:40:00 PM,BURGLARY,APARTMENT,True,41.729294776,-87.548478908
8438080,01/12/2012 04:51:00 PM,BURGLARY,RESIDENCE,True,41.865676735,-87.710521946
8438155,01/12/2012 02:33:00 PM,BURGLARY,RESIDENCE,True,41.73365911,-87.619300613
8438163,01/12/2012 04:13:00 PM,BURGLARY,RESIDENCE,True,41.679748958,-87.630772742
8438243,01/12/2012 06:50:00 PM,BURGLARY,RESIDENCE,True,41.94588713,-87.76594591
8439196,01/12/2012 06:00:00 PM,BURGLARY,APARTMENT,True,41.972407577,-87.713476897
8439829,01/14/2012 07:20:00 AM,BURGLARY,WAREHOUSE,True,41.819340116,-87.650692079
8440621,01/15/2012 04:50:00 AM,BURGLARY,SMALL RETAIL STORE,True,41.720966729,-87.680206879
8440651,01/14/2012 01:30:00 AM,BURGLARY,RESIDENCE-GARAGE,True,41.922548174,-87.651088595
8441458,01/08/2012 02:00:00 PM,BURGLARY,CHURCH/SYNAGOGUE/PLACE OF WORSHIP,True,41.968937705,-87.665317278
8442232,01/11/2012 12:00:00 PM,BURGLARY,RESIDENCE,True,41.718880224,-87.538909987
8442293,01/16/2012 03:00:00 PM,BURGLARY,APARTMENT,True,41.941574158,-87.665139846
8442457,01/17/2012 01:45:00 AM,BURGLARY,RESIDENTIAL YARD (FRONT/BACK),True,41.845626516,-87.722148877
8442458,01/17/2012 01:28:00 AM,BURGLARY,APARTMENT,True,41.793949274,-87.67118967
8442930,01/17/2012 09:51:00 AM,BURGLARY,VACANT LOT/LAND,True,41.807768049,-87.660083869
8442952,01/17/2012 06:57:00 AM,BURGLARY,OTHER,True,41.897086966,-87.745852958
8443117,01/17/2012 09:40:00 AM,BURGLARY,APARTMENT,True,41.782782399,-87.691925155
8443280,01/17/2012 10:30:00 AM,BURGLARY,COMMERCIAL / BUSINESS OFFICE,True,41.742240702,-87.545422881
8443739,01/17/2012 06:35:00 PM,BURGLARY,STREET,True,41.854273371,-87.624663171
8444733,01/18/2012 11:50:00 AM,BURGLARY,RESIDENCE,True,41.773129158,-87.662814452
8444800,01/18/2012 11:25:00 AM,BURGLARY,RESIDENCE,True,41.981755769,-87.779235935
8444845,01/18/2012 02:46:00 AM,BURGLARY,SMALL RETAIL STORE,True,41.974855058,-87.659827412
8445140,01/18/2012 01:40:00 PM,BURGLARY,STREET,True,41.897232704,-87.721730525
8446604,01/19/2012 01:35:00 PM,BURGLARY,RESIDENCE-GARAGE,True,41.998657827,-87.682599028
8446969,01/19/2012 08:10:00 PM,BURGLARY,APARTMENT,True,41.849083803,-87.700273897
8447104,01/19/2012 11:07:00 PM,BURGLARY,OTHER,True,41.869324965,-87.7477704
8448580,01/21/2012 12:02:00 PM,BURGLARY,APARTMENT,True,41.736482473,-87.554176677
8448620,01/21/2012 01:10:00 PM,BURGLARY,RESIDENCE,True,41.860315864,-87.712809585
8449837,01/22/2012 10:07:00 PM,BURGLARY,RESIDENCE,True,41.940742894,-87.655349462
8450665,01/23/2012 12:18:00 PM,BURGLARY,APARTMENT,True,41.905974379,-87.663905845
8451069,01/23/2012 07:00:00 AM,BURGLARY,APARTMENT,True,41.962658354,-87.660981712
8451208,01/23/2012 07:06:00 PM,BURGLARY,RESIDENCE-GARAGE,True,41.90699871,-87.64089087
8451252,01/23/2012 07:29:00 PM,BURGLARY,RESIDENCE,True,41.986944654,-87.808344625
8451259,01/23/2012 08:40:00 AM,BURGLARY,RESIDENCE,True,41.893743245,-87.704677599
8451688,01/24/2012 08:00:00 AM,BURGLARY,RESIDENCE-GARAGE,True,41.915995169,-87.748082477
8452341,01/24/2012 10:15:00 AM,BURGLARY,OTHER,True,41.900449014,-87.677966014
8452713,01/24/2012 01:34:00 PM,BURGLARY,RESIDENCE,True,41.679175602,-87.633506156
8453582,01/25/2012 06:51:00 AM,BURGLARY,RESIDENCE,True,41.795190732,-87.660974633
8454354,01/25/2012 01:18:00 PM,BURGLARY,RESIDENCE,True,41.679158334,-87.670877836
8455012,01/26/2012 05:45:00 AM,BURGLARY,OTHER RAILROAD PROP / TRAIN DEPOT,True,41.752848951,-87.585481554
8455455,01/26/2012 10:00:00 AM,BURGLARY,ABANDONED BUILDING,True,41.891784282,-87.762010305
8456020,01/26/2012 03:22:00 PM,BURGLARY,RESIDENCE,True,41.682936946,-87.640109852
8456110,01/26/2012 01:39:00 PM,BURGLARY,RESIDENCE PORCH/HALLWAY,True,41.895979734,-87.689313535
8456745,01/27/2012 06:40:00 AM,BURGLARY,VACANT LOT/LAND,True,41.886916642,-87.701373192
8456973,01/27/2012 09:21:00 AM,BURGLARY,ABANDONED BUILDING,True,41.919832566,-87.722966142
8457563,01/27/2012 03:40:00 PM,BURGLARY,OTHER,True,41.903925639,-87.726335622
8457725,01/23/2012 12:00:00 PM,BURGLARY,RESIDENCE,True,41.743632225,-87.564896243
8421408,01/01/2012 12:40:00 AM,NARCOTICS,PARKING LOT/GARAGE(NON.RESID.),True,41.751305337,-87.603628907
8421415,01/01/2012 01:25:00 AM,NARCOTICS,STREET,True,41.902294466,-87.751572413
8421427,01/01/2012 01:39:00 AM,NARCOTICS,ALLEY,True,41.964235418,-87.654773202
8421428,01/01/2012 12:20:00 AM,NARCOTICS,RESIDENTIAL YARD (FRONT/BACK),True,41.877550905,-87.756181192
8421457,01/01/2012 02:00:00 AM,NARCOTICS,ALLEY,True,41.927746483,-87.794145642
8421491,01/01/2012 01:48:00 AM,NARCOTICS,STREET,True,41.917091011,-87.732317425
8421493,01/01/2012 01:25:00 AM,NARCOTICS,APARTMENT,True,42.015359124,-87.681663386
8421496,01/01/2012 02:10:00 AM,NARCOTICS,STREET,True,41.729869072,-87.56770535
8421514,01/01/2012 03:15:00 AM,NARCOTICS,SIDEWALK,True,41.895443218,-87.718089317
8421556,01/01/2012 12:10:00 AM,NARCOTICS,APARTMENT,True,41.798707079,-87.67200621
8421748,01/01/2012 02:43:00 AM,NARCOTICS,STREET,True,41.858003291,-87.652876321
8421896,01/01/2012 11:25:00 AM,NARCOTICS,ALLEY,True,41.884736687,-87.756447037
8421923,01/01/2012 11:35:00 AM,NARCOTICS,SIDEWALK,True,41.897677382,-87.755669427
8421931,01/01/2012 12:20:00 PM,NARCOTICS,SIDEWALK,True,41.780415657,-87.605608794
8421950,01/01/2012 12:40:00 PM,NARCOTICS,SIDEWALK,True,41.895530962,-87.708924395
8422002,01/01/2012 01:40:00 PM,NARCOTICS,SIDEWALK,True,41.872677761,-87.693626729
8422023,01/01/2012 02:45:00 PM,NARCOTICS,SIDEWALK,True,41.75033427,-87.665045312
8422041,01/01/2012 02:55:00 PM,NARCOTICS,STREET,True,41.875136633,-87.735919821
8422045,01/01/2012 02:42:00 PM,NARCOTICS,SIDEWALK,True,41.882006504,-87.728772149
8422047,01/01/2012 03:42:00 PM,NARCOTICS,STREET,True,41.77326382,-87.647045632
8422060,01/01/2012 01:35:00 PM,NARCOTICS,GAS STATION,True,41.723074622,-87.623784263
8422061,01/01/2012 03:30:00 PM,NARCOTICS,JAIL / LOCK-UP FACILITY,True,41.837489008,-87.646264459
8422067,01/01/2012 04:00:00 PM,NARCOTICS,SIDEWALK,True,41.883513836,-87.74906204
8422071,01/01/2012 04:00:00 PM,NARCOTICS,SIDEWALK,True,41.764859937,-87.58241335
8422088,01/01/2012 03:45:00 PM,NARCOTICS,ABANDONED BUILDING,True,41.876697316,-87.708439474
8422089,01/01/2012 04:39:00 PM,NARCOTICS,SIDEWALK,True,41.884331666,-87.754489651
8422090,01/01/2012 04:15:00 PM,NARCOTICS,SIDEWALK,True,41.901422057,-87.718953928
8422099,01/01/2012 04:25:00 PM,NARCOTICS,STREET,True,41.750229101,-87.673438518
8422101,01/01/2012 03:43:00 PM,NARCOTICS,VEHICLE NON-COMMERCIAL,True,41.968528369,-87.69910736
8422122,01/01/2012 04:48:00 PM,NARCOTICS,VACANT LOT/LAND,True,41.802599768,-87.659947257
8422141,01/01/2012 04:55:00 PM,NARCOTICS,SIDEWALK,True,41.920662576,-87.696417905
8422176,01/01/2012 05:34:00 PM,NARCOTICS,RESTAURANT,True,41.87616378,-87.745111964
8422188,01/01/2012 06:35:00 PM,NARCOTICS,SIDEWALK,True,41.779243994,-87.684415105
8422196,01/01/2012 06:40:00 PM,NARCOTICS,STREET,True,41.793258203,-87.692568817
8422210,01/01/2012 06:34:00 PM,NARCOTICS,STREET,True,41.92821873,-87.719839754
8422220,01/01/2012 06:54:00 PM,NARCOTICS,SIDEWALK,True,41.75158468,-87.577642674
8422225,01/01/2012 06:55:00 PM,NARCOTICS,VEHICLE NON-COMMERCIAL,True,41.762310887,-87.681851381
8422234,01/01/2012 06:16:00 PM,NARCOTICS,SIDEWALK,True,41.889107991,-87.723464378
8422237,01/01/2012 07:05:00 PM,NARCOTICS,SIDEWALK,True,41.879334442,-87.758324311
8422238,01/01/2012 06:50:00 PM,NARCOTICS,STREET,True,41.685468949,-87.658380347
8422264,01/01/2012 06:45:00 PM,NARCOTICS,APARTMENT,True,41.773315928,-87.588018999
8422266,01/01/2012 06:58:00 PM,NARCOTICS,STREET,True,41.795010255,-87.766966876
8422275,01/01/2012 07:30:00 PM,NARCOTICS,STREET,True,41.924228431,-87.747117979
8422276,01/01/2012 07:05:00 PM,NARCOTICS,STREET,True,41.880923234,-87.745292316
8422279,01/01/2012 07:15:00 PM,NARCOTICS,SIDEWALK,True,41.765880491,-87.656563161
8422280,01/01/2012 05:50:00 PM,NARCOTICS,STREET,True,41.777877882,-87.759279178
8422300,01/01/2012 07:40:00 PM,NARCOTICS,STREET,True,41.911154358,-87.769475598
8422306,01/01/2012 08:00:00 PM,NARCOTICS,ALLEY,True,41.880297373,-87.761011006
8422308,01/01/2012 07:30:00 PM,NARCOTICS,VEHICLE NON-COMMERCIAL,True,41.812224851,-87.666687665
8422324,01/01/2012 08:44:00 PM,NARCOTICS,STREET,True,41.899562612,-87.749147178
8422325,01/01/2012 08:23:00 PM,NARCOTICS,STREET,True,41.828294042,-87.693485403
8422326,01/01/2012 08:40:00 PM,NARCOTICS,VACANT LOT/LAND,True,41.877104077,-87.724390016
8422329,01/01/2012 08:30:00 PM,NARCOTICS,SIDEWALK,True,41.893332465,-87.667817232
8422334,01/01/2012 09:13:00 PM,NARCOTICS,ALLEY,True,41.779359134,-87.600432881
8422341,01/01/2012 08:56:00 PM,NARCOTICS,SIDEWALK,True,41.90268477,-87.724690676
8465236,01/04/2012 06:03:00 PM,NARCOTICS,VEHICLE NON-COMMERCIAL,False,36.619446395,-91.686565684
8470430,01/27/2012 11:58:22 AM,NARCOTICS,RESIDENCE,False,41.771096756,-87.672480512
8474891,01/18/2012 01:13:00 PM,NARCOTICS,SIDEWALK,False,41.81745555,-87.621430074
8475545,02/04/2012 09:15:00 AM,NARCOTICS,VEHICLE NON-COMMERCIAL,False,41.87179922,-87.712052326
8492035,02/13/2012 11:00:19 AM,NARCOTICS,RESIDENCE,False,41.978895823,-87.75466381
8492897,02/08/2012 01:20:00 PM,NARCOTICS,SIDEWALK,False,41.780110888,-87.615617777
8494317,02/22/2012 10:00:00 PM,NARCOTICS,OTHER,False,41.768288579,-87.686329051
8496091,02/20/2012 07:54:00 PM,NARCOTICS,RESIDENCE PORCH/HALLWAY,False,41.896323382,-87.733511245
8500103,02/28/2012 06:31:35 PM,NARCOTICS,RESIDENCE,False,41.668881821,-87.62637074
8512189,03/08/2012 02:30:00 PM,NARCOTICS,DRUG STORE,False,41.795190552,-87.588007653
8513937,03/09/2012 10:44:00 PM,NARCOTICS,ALLEY,False,41.881102547,-87.692632012
8514065,03/09/2012 06:05:00 PM,NARCOTICS,RESIDENCE PORCH/HALLWAY,False,41.853930752,-87.623841071
8519901,03/13/2012 10:30:00 AM,NARCOTICS,RESIDENCE-GARAGE,False,41.928247963,-87.671728297
8520467,03/14/2012 03:40:00 PM,NARCOTICS,SIDEWALK,False,41.754602618,-87.562650741
8525415,03/12/2012 12:15:00 PM,NARCOTICS,STREET,False,41.882519264,-87.728172413
8527913,03/19/2012 09:10:00 PM,NARCOTICS,SIDEWALK,False,41.7641286,-87.684450139
8540416,03/08/2012 11:31:00 AM,NARCOTICS,SIDEWALK,False,41.779937137,-87.607183409
8543734,03/12/2012 12:30:00 PM,NARCOTICS,STREET,False,41.793901701,-87.740345628
8549907,03/28/2012 08:06:00 PM,NARCOTICS,OTHER,False,41.678587727,-87.622677128
8553221,03/31/2012 11:35:00 PM,NARCOTICS,OTHER,False,41.678642633,-87.622680184
8554735,03/03/2012 11:35:00 AM,NARCOTICS,RESIDENCE-GARAGE,False,41.674308719,-87.621695637
8554861,03/29/2012 03:28:48 PM,NARCOTICS,APARTMENT,False,41.787677264,-87.646198901
8563983,03/21/2012 02:36:00 PM,NARCOTICS,VEHICLE NON-COMMERCIAL,False,41.875664218,-87.745090842
8582837,04/12/2012 11:05:00 AM,NARCOTICS,ALLEY,False,41.751146935,-87.613320236
8582892,04/09/2012 10:05:00 AM,NARCOTICS,RESIDENCE,False,36.619446395,-91.686565684
8583881,04/25/2012 09:30:00 PM,NARCOTICS,PARKING LOT/GARAGE(NON.RESID.),False,41.905765373,-87.638424545
8584569,04/07/2012 09:55:00 AM,NARCOTICS,STREET,False,41.773405326,-87.625143469
8586464,04/21/2012 11:44:00 AM,NARCOTICS,RESIDENCE PORCH/HALLWAY,False,41.905530484,-87.639062616
8602893,04/25/2012 10:06:43 PM,NARCOTICS,APARTMENT,False,41.768247438,-87.68877449
8605624,05/09/2012 08:05:00 PM,NARCOTICS,RESIDENCE,False,41.879747632,-87.726623245
8606659,04/13/2012 11:00:00 AM,NARCOTICS,SIDEWALK,False,36.619446395,-91.686565684
8608632,05/11/2012 08:05:00 PM,NARCOTICS,POLICE FACILITY/VEH PARKING LOT,False,41.76680404,-87.605619683
8609438,05/12/2012 11:14:00 AM,NARCOTICS,APARTMENT,False,41.793575149,-87.700237337
8611622,04/26/2012 04:30:27 PM,NARCOTICS,APARTMENT,False,41.90261354,-87.696872817
8611876,05/08/2012 10:30:00 PM,NARCOTICS,RESIDENCE,False,41.812136493,-87.706561995
8613308,05/05/2012 05:08:45 PM,NARCOTICS,STREET,False,41.895513392,-87.710742689
8613374,05/09/2012 06:55:00 PM,NARCOTICS,AIRPORT TERMINAL UPPER LEVEL - SECURE AREA,False,41.979006297,-87.906463155
8613593,05/10/2012 10:20:00 AM,NARCOTICS,VEHICLE NON-COMMERCIAL,False,41.783808083,-87.620126779
8613773,05/03/2012 10:47:02 AM,NARCOTICS,APARTMENT,False,41.861834746,-87.714068754
8614772,05/10/2012 08:02:00 AM,NARCOTICS,RESIDENCE,False,41.760355258,-87.559880625
8614814,05/10/2012 02:42:00 PM,NARCOTICS,SIDEWALK,False,41.902057043,-87.690082645
8622258,05/01/2012 02:10:00 PM,NARCOTICS,STREET,False,41.857836363,-87.733195599
8622418,05/15/2012 07:25:00 PM,NARCOTICS,RESIDENCE,False,41.782250451,-87.693481387
8622457,05/15/2012 07:25:00 PM,NARCOTICS,RESIDENCE-GARAGE,False,41.782250451,-87.693481387
8626901,05/23/2012 09:19:00 PM,NARCOTICS,VEHICLE NON-COMMERCIAL,False,41.739743591,-87.702851224
8627044,05/23/2012 09:25:00 PM,NARCOTICS,APARTMENT,False,41.763944701,-87.684444661
8627355,05/15/2012 02:10:00 PM,NARCOTICS,RESIDENCE,False,41.749081853,-87.707252679
8627594,05/13/2012 09:55:00 PM,NARCOTICS,AIRPORT TERMINAL UPPER LEVEL - SECURE AREA,False,41.976762981,-87.900983721
8627624,05/16/2012 12:49:00 PM,NARCOTICS,VEHICLE NON-COMMERCIAL,False,41.905239352,-87.640840084
8627686,05/15/2012 12:34:00 PM,NARCOTICS,SIDEWALK,False,41.810364089,-87.619619528
8628989,05/15/2012 11:22:00 PM,NARCOTICS,APARTMENT,False,41.807056856,-87.607731858
8629032,05/11/2012 10:30:00 AM,NARCOTICS,SIDEWALK,False,41.78024763,-87.615102958
8629110,05/15/2012 11:58:00 AM,NARCOTICS,APARTMENT,False,41.770221783,-87.620236971
8629239,05/15/2012 11:58:21 AM,NARCOTICS,APARTMENT,False,41.770221783,-87.620236971
8631100,05/26/2012 05:13:00 PM,NARCOTICS,APARTMENT,False,41.809601397,-87.696693939
8631207,05/26/2012 10:39:00 PM,NARCOTICS,SIDEWALK,False,41.763506317,-87.636307274
8633368,05/28/2012 06:38:00 PM,NARCOTICS,RESIDENCE,False,41.810492397,-87.74812678
8647688,05/25/2012 04:04:00 PM,NARCOTICS,AIRPORT TERMINAL UPPER LEVEL - SECURE AREA,False,41.976495786,-87.905108161
8655418,05/23/2012 03:02:00 PM,NARCOTICS,APARTMENT,False,41.839974557,-87.728081682
8655451,05/31/2012 05:35:00 AM,NARCOTICS,AIRPORT TERMINAL UPPER LEVEL - SECURE AREA,False,41.979006297,-87.906463155
8655710,05/10/2012 08:26:00 PM,NARCOTICS,RESIDENCE,False,41.765078841,-87.601882023
8657025,05/12/2012 09:40:00 AM,NARCOTICS,VEHICLE NON-COMMERCIAL,False,41.861606017,-87.722602449
8657429,05/29/2012 03:30:00 PM,NARCOTICS,VEHICLE NON-COMMERCIAL,False,41.781296636,-87.615652218
8657454,05/24/2012 12:50:00 PM,NARCOTICS,VEHICLE NON-COMMERCIAL,False,41.758896562,-87.574474493
8657479,05/24/2012 12:00:00 PM,NARCOTICS,SIDEWALK,False,41.781238369,-87.60595147
8665323,06/07/2012 01:30:00 PM,NARCOTICS,RESIDENCE,False,41.78625575,-87.781586216
8677802,06/25/2012 09:45:00 PM,NARCOTICS,ALLEY,False,41.858768633,-87.662151835
8693904,07/06/2012 05:30:00 PM,NARCOTICS,POLICE FACILITY/VEH PARKING LOT,False,41.836402129,-87.646239389
8697209,06/25/2012 03:00:00 PM,NARCOTICS,RESIDENCE,False,41.836242733,-87.725555473
8700864,07/04/2012 09:34:00 AM,NARCOTICS,VEHICLE NON-COMMERCIAL,False,41.802311505,-87.653869321
8701713,07/11/2012 07:30:00 PM,NARCOTICS,ALLEY,False,41.768226797,-87.689988045
8706191,07/14/2012 12:43:00 PM,NARCOTICS,OTHER,False,41.772496297,-87.60701439
8707225,06/26/2012 07:30:00 PM,NARCOTICS,AIRPORT EXTERIOR - NON-SECURE AREA,False,41.976762981,-87.900983721
8707595,07/15/2012 03:50:00 PM,NARCOTICS,SIDEWALK,False,41.778297041,-87.723972807
8710022,06/04/2012 10:39:00 AM,NARCOTICS,VEHICLE NON-COMMERCIAL,False,41.764437113,-87.630978582
8711337,07/17/2012 11:02:00 PM,NARCOTICS,VACANT LOT/LAND,False,41.772553923,-87.60701374
8713940,07/14/2012 08:36:00 AM,NARCOTICS,VEHICLE NON-COMMERCIAL,False,41.859896461,-87.710361454
8713988,07/13/2012 10:55:00 AM,NARCOTICS,VEHICLE NON-COMMERCIAL,False,41.781617685,-87.610830908
8717360,07/21/2012 06:21:00 PM,NARCOTICS,PARK PROPERTY,False,41.900870422,-87.624184899
8717684,07/21/2012 11:15:00 PM,NARCOTICS,RESIDENCE PORCH/HALLWAY,False,41.812852725,-87.693121883
8718202,07/22/2012 12:02:00 PM,NARCOTICS,RESIDENCE,False,41.803722875,-87.662411211
8719687,07/23/2012 12:15:00 PM,NARCOTICS,RESIDENCE,False,41.807890998,-87.65765439
8721210,07/24/2012 10:50:00 AM,NARCOTICS,SIDEWALK,False,41.899297057,-87.694635718
8721692,07/24/2012 03:00:00 PM,NARCOTICS,SIDEWALK,False,41.853898352,-87.650181573
8722157,07/24/2012 09:00:00 PM,NARCOTICS,SIDEWALK,False,41.865771788,-87.719511974
8722245,07/24/2012 07:30:00 PM,NARCOTICS,CHA APARTMENT,False,41.897358891,-87.641913286
8722716,07/03/2012 10:36:00 AM,NARCOTICS,AIRPORT TERMINAL UPPER LEVEL - SECURE AREA,False,41.976290414,-87.905227221
8723614,07/25/2012 02:27:00 PM,NARCOTICS,RESIDENCE,False,41.800456672,-87.662324255
8724055,07/25/2012 04:00:00 AM,NARCOTICS,OTHER,False,41.829929212,-87.724198877
8726293,07/21/2012 11:00:00 AM,NARCOTICS,SIDEWALK,False,41.780390363,-87.699520105
8733014,07/31/2012 12:12:00 PM,NARCOTICS,APARTMENT,False,41.836227249,-87.648663182
8733215,07/31/2012 01:37:00 PM,NARCOTICS,PARK PROPERTY,False,41.877546613,-87.627663112
8733616,07/31/2012 08:35:00 PM,NARCOTICS,CTA TRAIN,False,41.868165405,-87.62743954
8734588,07/25/2012 09:15:00 PM,NARCOTICS,AIRPORT TERMINAL UPPER LEVEL - SECURE AREA,False,41.974861952,-87.890372151
8734970,06/06/2012 10:57:00 AM,NARCOTICS,STREET,False,41.856112098,-87.713907391
8735147,08/01/2012 12:45:00 PM,NARCOTICS,SIDEWALK,False,41.76811932,-87.620183276
8735151,08/01/2012 12:55:00 PM,NARCOTICS,STREET,False,41.76835544,-87.619759104
8738269,07/27/2012 12:05:00 PM,NARCOTICS,TAVERN/LIQUOR STORE,False,41.885700524,-87.735637794
8745374,06/08/2012 02:08:17 PM,NARCOTICS,SMALL RETAIL STORE,False,41.759557851,-87.605423002
8745381,07/18/2012 01:35:10 PM,NARCOTICS,RESIDENCE,False,41.833794241,-87.653477733
8745384,07/19/2012 06:55:00 PM,NARCOTICS,APARTMENT,False,41.803989246,-87.612167754
8745403,06/06/2012 01:15:00 PM,NARCOTICS,GAS STATION,False,41.77999793,-87.629294594
8745426,07/18/2012 12:04:00 PM,NARCOTICS,RESIDENCE,False,41.866937617,-87.624141504
8745433,07/18/2012 03:23:00 PM,NARCOTICS,RESIDENCE PORCH/HALLWAY,False,41.86566201,-87.728823362
8745538,08/02/2012 01:37:39 PM,NARCOTICS,APARTMENT,False,41.782379646,-87.688610976
8745932,01/29/2012 06:00:00 AM,NARCOTICS,SIDEWALK,False,41.81611063,-87.621393611
8758191,08/16/2012 12:13:00 PM,NARCOTICS,CTA PLATFORM,False,41.721627204,-87.624485177
8765388,08/16/2012 01:07:00 PM,NARCOTICS,VEHICLE NON-COMMERCIAL,False,41.817101454,-87.631225183
8767333,08/17/2012 11:26:00 AM,NARCOTICS,RESIDENCE PORCH/HALLWAY,False,41.778565718,-87.692157822
8773852,08/02/2012 01:40:00 AM,NARCOTICS,RESIDENCE,False,41.791236289,-87.698613862
8773868,08/22/2012 11:05:49 PM,NARCOTICS,SIDEWALK,False,41.924688878,-87.710014485
8776159,08/28/2012 10:33:00 AM,NARCOTICS,SIDEWALK,False,41.816042967,-87.619776585
8777249,08/28/2012 10:00:00 PM,NARCOTICS,ALLEY,False,41.771912269,-87.687520718
8779549,08/22/2012 11:10:00 AM,NARCOTICS,VEHICLE NON-COMMERCIAL,False,41.772954271,-87.690798644
8779685,08/12/2012 04:00:00 PM,NARCOTICS,AIRPORT TERMINAL UPPER LEVEL - SECURE AREA,False,41.976762981,-87.900983721
8785526,09/03/2012 07:10:00 PM,NARCOTICS,STREET,False,41.788363519,-87.685430532
8785695,09/03/2012 07:52:00 PM,NARCOTICS,APARTMENT,False,41.863672364,-87.695823746
8785775,09/03/2012 10:37:00 PM,NARCOTICS,RESIDENCE,False,41.798906664,-87.648921225
8790909,08/22/2012 07:55:39 PM,NARCOTICS,RESIDENCE,False,41.769285935,-87.57149277
8791114,09/06/2012 09:25:00 AM,NARCOTICS,SIDEWALK,False,41.794018389,-87.665116121
8791777,08/25/2012 10:13:00 AM,NARCOTICS,VEHICLE NON-COMMERCIAL,False,41.773016041,-87.588748333
8794668,08/23/2012 08:07:00 AM,NARCOTICS,SIDEWALK,False,41.78333868,-87.615699111
8794753,08/25/2012 09:15:00 AM,NARCOTICS,SIDEWALK,False,41.85098667,-87.722263023
8795214,08/23/2012 05:00:00 PM,NARCOTICS,SIDEWALK,False,41.863721482,-87.719447149
8795543,08/23/2012 06:20:00 PM,NARCOTICS,VEHICLE NON-COMMERCIAL,False,41.860303214,-87.714024796
8795565,08/24/2012 09:24:00 AM,NARCOTICS,VEHICLE NON-COMMERCIAL,False,41.764277154,-87.562784226
8796169,09/10/2012 08:46:00 PM,NARCOTICS,APARTMENT,False,41.828639702,-87.648722024
8797783,09/11/2012 09:07:00 PM,NARCOTICS,RESIDENCE,False,41.799727733,-87.648549406
8798280,08/23/2012 06:12:00 PM,NARCOTICS,ALLEY,False,41.865354845,-87.695869443
8798350,09/12/2012 07:55:00 AM,NARCOTICS,STREET,False,41.865622859,-87.71783563
8798615,08/24/2012 12:17:00 PM,NARCOTICS,SIDEWALK,False,41.774069965,-87.644639452
8798970,08/28/2012 05:14:00 PM,NARCOTICS,APARTMENT,False,41.841946207,-87.715945051
8799014,08/24/2012 09:40:00 AM,NARCOTICS,VEHICLE NON-COMMERCIAL,False,41.765651252,-87.624909847
8799984,09/05/2012 01:48:00 PM,NARCOTICS,VEHICLE NON-COMMERCIAL,False,41.773635801,-87.692441548
8800042,09/06/2012 08:45:00 AM,NARCOTICS,ALLEY,False,41.779202212,-87.687715222
8800398,09/06/2012 07:50:00 AM,NARCOTICS,STREET,False,41.778730518,-87.684849239
8800622,08/24/2012 01:04:00 PM,NARCOTICS,OTHER,False,41.761413172,-87.590869084
8800755,08/23/2012 08:40:00 AM,NARCOTICS,PARKING LOT/GARAGE(NON.RESID.),False,41.770969165,-87.586268228
8801750,09/06/2012 07:30:00 PM,NARCOTICS,APARTMENT,False,41.782845044,-87.687920671
8801856,08/25/2012 08:36:00 AM,NARCOTICS,SIDEWALK,False,41.766102071,-87.573491521
8801947,08/25/2012 10:05:00 AM,NARCOTICS,SIDEWALK,False,41.859896461,-87.710361454
8801954,08/25/2012 11:45:00 AM,NARCOTICS,VEHICLE NON-COMMERCIAL,False,41.781034413,-87.687051551
8802202,08/25/2012 10:04:00 AM,NARCOTICS,VEHICLE NON-COMMERCIAL,False,41.860670496,-87.726796272
8802274,09/06/2012 08:02:00 AM,NARCOTICS,SIDEWALK,False,41.77864177,-87.679841971
8805279,09/07/2012 12:31:56 AM,NARCOTICS,RESIDENCE,False,41.84725062,-87.695311491
8421461,01/01/2012 12:40:00 AM,ROBBERY,CTA TRAIN,False,41.871530533,-87.744926805
8421481,01/01/2012 12:30:00 AM,ROBBERY,APARTMENT,False,41.783462633,-87.609647895
8421615,01/01/2012 02:55:00 AM,ROBBERY,STREET,False,41.911743059,-87.723057913
8421667,01/01/2012 03:30:00 AM,ROBBERY,CTA GARAGE / OTHER PROPERTY,False,41.88233367,-87.627841791
8421703,01/01/2012 05:00:00 AM,ROBBERY,STREET,False,41.686867374,-87.620901922
8421722,01/01/2012 05:35:00 AM,ROBBERY,SIDEWALK,False,41.87802884,-87.774580852
8421749,01/01/2012 02:10:00 AM,ROBBERY,SIDEWALK,True,41.95466505,-87.727644798
8421750,01/01/2012 05:00:00 AM,ROBBERY,CTA TRAIN,False,41.87854842,-87.627688811
8421751,01/01/2012 01:00:00 AM,ROBBERY,CTA PLATFORM,True,41.750940757,-87.625185222
8421752,01/01/2012 03:30:00 AM,ROBBERY,SIDEWALK,True,41.957832545,-87.729335433
8421760,01/01/2012 06:25:00 AM,ROBBERY,SIDEWALK,False,41.947993862,-87.761905694
8421803,01/01/2012 04:00:00 AM,ROBBERY,SIDEWALK,False,41.89626385,-87.620357163
8421865,01/01/2012 10:05:00 AM,ROBBERY,SIDEWALK,False,41.77718121,-87.665422917
8421889,01/01/2012 11:05:00 AM,ROBBERY,APARTMENT,True,41.780668521,-87.660602063
8421890,01/01/2012 05:00:00 AM,ROBBERY,STREET,False,41.875272573,-87.624251314
8421951,01/01/2012 11:23:00 AM,ROBBERY,SIDEWALK,False,41.779501976,-87.703151204
8421983,01/01/2012 03:00:00 AM,ROBBERY,STREET,False,41.878558745,-87.648431824
8422040,01/01/2012 12:05:00 AM,ROBBERY,STREET,False,41.887878143,-87.748710107
8422051,01/01/2012 10:00:00 AM,ROBBERY,STREET,False,41.87979721,-87.696251029
8422127,01/01/2012 02:14:00 PM,ROBBERY,STREET,False,41.77999793,-87.629294594
8422144,01/01/2012 03:50:00 PM,ROBBERY,SIDEWALK,False,41.762260854,-87.692965274
8422145,01/01/2012 03:08:00 PM,ROBBERY,CTA TRAIN,False,41.802064797,-87.618640688
8422309,01/01/2012 07:30:00 PM,ROBBERY,TAVERN/LIQUOR STORE,False,41.808614751,-87.664091468
8422321,01/01/2012 02:30:00 PM,ROBBERY,STREET,False,41.71436968,-87.617594928
8422342,01/01/2012 04:45:00 PM,ROBBERY,STREET,False,41.736801203,-87.561145235
8422350,01/01/2012 06:30:00 PM,ROBBERY,CTA BUS STOP,False,41.794185202,-87.631424004
8422425,01/01/2012 10:50:00 PM,ROBBERY,SIDEWALK,False,41.91057381,-87.637608236
8422433,01/01/2012 09:30:00 PM,ROBBERY,SIDEWALK,False,41.751328369,-87.601209921
8422444,01/01/2012 06:30:00 PM,ROBBERY,ALLEY,False,41.731393704,-87.554054997
8422452,01/01/2012 11:45:00 AM,ROBBERY,GAS STATION,False,41.882946512,-87.711066678
8422468,01/01/2012 10:30:00 PM,ROBBERY,SIDEWALK,False,41.780110888,-87.615617777
8422514,01/01/2012 09:49:00 PM,ROBBERY,SIDEWALK,True,41.883094139,-87.679839983
8422541,01/02/2012 03:00:00 AM,ROBBERY,SIDEWALK,False,41.677398822,-87.638284109
8422567,01/02/2012 05:30:00 AM,ROBBERY,SIDEWALK,False,41.872236412,-87.728144582
8422609,01/02/2012 06:20:00 AM,ROBBERY,SIDEWALK,False,41.875684581,-87.760519745
8422652,01/01/2012 02:45:00 AM,ROBBERY,STREET,False,41.939300984,-87.710357367
8422692,01/02/2012 09:30:00 AM,ROBBERY,SIDEWALK,False,41.880386082,-87.754073591
8422698,01/01/2012 06:30:00 AM,ROBBERY,RESTAURANT,False,41.868034106,-87.639215155
8422727,01/02/2012 09:15:00 AM,ROBBERY,SIDEWALK,False,41.834119961,-87.632785877
8422736,01/02/2012 09:05:00 AM,ROBBERY,OTHER,False,41.80281416,-87.606422691
8422807,01/02/2012 11:45:00 AM,ROBBERY,SIDEWALK,False,41.765422507,-87.63056096
8422863,01/02/2012 12:15:00 PM,ROBBERY,VEHICLE NON-COMMERCIAL,False,41.957528888,-87.757287346
8422877,01/02/2012 12:05:00 PM,ROBBERY,CTA BUS,False,41.79443465,-87.618472426
8422933,01/02/2012 12:30:00 PM,ROBBERY,ALLEY,False,41.906258037,-87.727856438
8422966,01/02/2012 02:30:00 PM,ROBBERY,STREET,False,41.77552305,-87.640756154
8422984,01/02/2012 01:54:00 PM,ROBBERY,STREET,True,41.904287172,-87.671090423
8423067,01/02/2012 02:57:00 PM,ROBBERY,GROCERY FOOD STORE,False,41.700668507,-87.620885096
8423128,01/01/2012 12:00:00 AM,ROBBERY,STREET,False,41.872894484,-87.627560076
8423182,01/02/2012 06:35:00 PM,ROBBERY,SIDEWALK,False,41.869959139,-87.714328125
8423249,01/02/2012 10:00:00 AM,ROBBERY,STREET,False,41.894102536,-87.716276754
8423275,01/02/2012 06:46:00 PM,ROBBERY,CONVENIENCE STORE,False,41.692745804,-87.61255129
8423286,01/02/2012 06:54:00 PM,ROBBERY,RESTAURANT,True,41.808899179,-87.643514585
8423287,01/02/2012 06:30:00 PM,ROBBERY,GROCERY FOOD STORE,True,41.816397665,-87.632817639
8423328,01/02/2012 09:00:00 PM,ROBBERY,SIDEWALK,False,41.774943649,-87.698158623
8423346,01/02/2012 09:50:00 PM,ROBBERY,SIDEWALK,False,41.88830109,-87.715234491
8423349,01/01/2012 04:00:00 AM,ROBBERY,SIDEWALK,False,41.77934814,-87.762998404
8423384,01/02/2012 10:00:00 PM,ROBBERY,ALLEY,False,41.929057924,-87.650703193
8423385,01/02/2012 07:08:00 PM,ROBBERY,SMALL RETAIL STORE,True,41.801223437,-87.675325173
8423387,01/02/2012 09:27:00 PM,ROBBERY,STREET,False,41.84585638,-87.72460935
8423389,01/02/2012 09:05:00 PM,ROBBERY,SIDEWALK,False,41.898260753,-87.71640569
8423401,01/02/2012 10:30:00 PM,ROBBERY,STREET,False,41.858307458,-87.720034875
8423411,01/01/2012 11:45:00 PM,ROBBERY,SIDEWALK,False,41.878310128,-87.699280504
8423418,01/02/2012 10:20:00 PM,ROBBERY,RESIDENCE,False,41.686684882,-87.613197393
8423447,01/02/2012 11:00:00 PM,ROBBERY,SIDEWALK,True,41.876650298,-87.626049998
8423455,01/02/2012 10:25:00 PM,ROBBERY,CTA TRAIN,False,41.994567578,-87.65905678
8423488,01/03/2012 03:00:00 AM,ROBBERY,SIDEWALK,False,41.908818749,-87.679860556
8423494,01/02/2012 12:49:00 PM,ROBBERY,ALLEY,False,41.744312785,-87.543045047
8423893,01/01/2012 01:30:00 AM,ROBBERY,STREET,False,41.790773291,-87.638974879
8424048,01/03/2012 07:00:00 AM,ROBBERY,SIDEWALK,False,41.706987456,-87.620244029
8424054,01/03/2012 09:25:00 AM,ROBBERY,OTHER,False,41.793472027,-87.706454161
8424090,01/02/2012 05:00:00 PM,ROBBERY,STREET,False,41.748891585,-87.585890282
8424137,01/02/2012 10:00:00 PM,ROBBERY,SIDEWALK,False,41.79025463,-87.642618096
8424138,01/03/2012 11:48:00 AM,ROBBERY,SIDEWALK,False,41.82991055,-87.631485173
8424181,01/02/2012 05:00:00 PM,ROBBERY,RESIDENCE,True,41.72317662,-87.609339394
8424183,01/01/2012 01:30:00 AM,ROBBERY,PARKING LOT/GARAGE(NON.RESID.),False,41.887232016,-87.764309458
8424205,01/03/2012 10:30:00 AM,ROBBERY,RESTAURANT,True,41.721623614,-87.624792912
8424213,01/01/2012 06:00:00 PM,ROBBERY,SIDEWALK,False,41.80208436,-87.617375139
8424387,01/03/2012 06:00:00 AM,ROBBERY,SIDEWALK,False,41.867383437,-87.629698686
8424476,01/03/2012 02:00:00 PM,ROBBERY,SIDEWALK,False,41.745382548,-87.601380078
8424520,01/03/2012 02:50:00 PM,ROBBERY,SIDEWALK,False,41.805613438,-87.590568041
8424530,01/01/2012 09:00:00 AM,ROBBERY,ALLEY,False,41.778749762,-87.687290803
8424579,01/03/2012 04:00:00 PM,ROBBERY,RESIDENCE PORCH/HALLWAY,False,41.897972585,-87.763674171
8424582,01/03/2012 05:20:00 PM,ROBBERY,SIDEWALK,False,41.88644373,-87.704708771
8424599,01/03/2012 05:25:00 PM,ROBBERY,SIDEWALK,False,41.975790645,-87.702297329
8424615,01/03/2012 05:15:00 PM,ROBBERY,SIDEWALK,True,41.872508972,-87.663069212
8424616,01/03/2012 05:20:00 PM,ROBBERY,SIDEWALK,False,41.911007726,-87.706774998
8424635,01/03/2012 07:05:00 PM,ROBBERY,SIDEWALK,False,41.851397242,-87.711328509
8424659,01/03/2012 05:48:00 PM,ROBBERY,CTA BUS,False,41.773340485,-87.585463522
8424675,01/03/2012 05:50:00 PM,ROBBERY,SIDEWALK,False,41.684914353,-87.654611685
8424739,01/03/2012 06:44:00 PM,ROBBERY,SMALL RETAIL STORE,False,41.693022265,-87.627915204
8424772,01/03/2012 06:50:00 PM,ROBBERY,ALLEY,False,41.905945997,-87.749742884
8424790,01/03/2012 08:47:00 PM,ROBBERY,SIDEWALK,False,41.748970614,-87.562545872
8424855,01/01/2012 07:45:00 PM,ROBBERY,SIDEWALK,False,41.688535339,-87.618155947
8424888,01/03/2012 10:18:00 PM,ROBBERY,RESIDENTIAL YARD (FRONT/BACK),False,41.712558494,-87.568200152
8424924,01/03/2012 11:00:00 PM,ROBBERY,VEHICLE NON-COMMERCIAL,False,41.689867138,-87.664785497
8424959,01/03/2012 11:38:00 PM,ROBBERY,DRUG STORE,False,41.721194359,-87.663966368
8424961,01/03/2012 08:10:00 PM,ROBBERY,STREET,False,41.891616673,-87.75921683
8424971,01/04/2012 12:38:00 AM,ROBBERY,SIDEWALK,False,41.8238215,-87.617775074
8425019,01/04/2012 04:32:00 AM,ROBBERY,CONVENIENCE STORE,True,41.958032583,-87.652761754
8425192,01/04/2012 06:20:00 AM,ROBBERY,STREET,False,41.922863483,-87.687580786
8425248,01/02/2012 09:15:00 PM,ROBBERY,SIDEWALK,False,41.894272548,-87.748233085
8425281,01/03/2012 09:00:00 PM,ROBBERY,SIDEWALK,False,41.887858393,-87.725870759
8425324,01/04/2012 08:15:00 AM,ROBBERY,SIDEWALK,False,41.884578998,-87.766664945
8425649,01/04/2012 12:00:00 PM,ROBBERY,SIDEWALK,False,41.753623592,-87.645330837
8425653,01/04/2012 11:50:00 AM,ROBBERY,SIDEWALK,False,41.692378887,-87.621046145
8425746,01/04/2012 11:20:00 AM,ROBBERY,CTA BUS STOP,True,41.764828675,-87.654110993
8425866,01/04/2012 10:40:00 AM,ROBBERY,GROCERY FOOD STORE,True,41.958091835,-87.64980149
8425928,01/03/2012 09:45:00 AM,ROBBERY,SIDEWALK,False,41.685450098,-87.610600873
8425951,01/04/2012 02:15:00 PM,ROBBERY,SMALL RETAIL STORE,False,41.935067773,-87.65394315
8425971,01/03/2012 09:30:00 PM,ROBBERY,SIDEWALK,False,41.902705634,-87.672370411
8426026,01/04/2012 04:20:00 PM,ROBBERY,SIDEWALK,False,41.776260604,-87.609486901
8426035,01/04/2012 03:15:00 PM,ROBBERY,STREET,True,41.872240794,-87.657579241
8426051,01/04/2012 04:48:00 PM,ROBBERY,CTA BUS,False,41.779276697,-87.644774394
8426053,01/02/2012 06:45:00 PM,ROBBERY,SIDEWALK,False,41.778697566,-87.689725751
8426094,01/04/2012 05:25:00 PM,ROBBERY,SIDEWALK,False,41.866929228,-87.705685649
8427541,01/05/2012 02:40:00 PM,ROBBERY,SMALL RETAIL STORE,True,41.880714044,-87.726705906
8427700,01/05/2012 06:35:00 PM,ROBBERY,SIDEWALK,True,41.768324821,-87.683997295
8427899,01/05/2012 09:00:00 PM,ROBBERY,STREET,True,41.75063458,-87.616525242
8428610,01/06/2012 09:21:00 AM,ROBBERY,BANK,True,41.8960672,-87.667597844
8428621,01/06/2012 09:14:00 AM,ROBBERY,BANK,True,41.909803893,-87.677447847
8430604,01/07/2012 07:20:00 PM,ROBBERY,SIDEWALK,True,41.891113672,-87.625357917
8430613,01/07/2012 06:37:00 PM,ROBBERY,CTA GARAGE / OTHER PROPERTY,True,41.910676312,-87.649187069
8430624,01/07/2012 09:43:00 PM,ROBBERY,GAS STATION,True,41.876527017,-87.656597758
8430814,01/08/2012 01:00:00 AM,ROBBERY,SIDEWALK,True,41.701907608,-87.680245982
8431177,01/08/2012 01:40:00 PM,ROBBERY,DEPARTMENT STORE,True,41.923672617,-87.786301606
8431263,01/08/2012 01:43:00 PM,ROBBERY,SIDEWALK,True,41.706376588,-87.682394407
8432793,01/09/2012 01:26:00 PM,ROBBERY,BANK,True,41.90416925,-87.628685126
8432844,01/09/2012 02:30:00 PM,ROBBERY,SIDEWALK,True,41.872636054,-87.716604432
8433235,01/09/2012 07:25:00 PM,ROBBERY,CTA TRAIN,True,41.8744151,-87.627609439
8433270,01/09/2012 09:15:00 PM,ROBBERY,OTHER COMMERCIAL TRANSPORTATION,True,41.878931004,-87.639585621
8434727,01/10/2012 04:25:00 PM,ROBBERY,PARK PROPERTY,True,41.857302931,-87.67108717
8434965,01/10/2012 07:45:00 PM,ROBBERY,OTHER,True,41.773320568,-87.587465382
8436073,01/11/2012 01:15:00 PM,ROBBERY,ALLEY,True,41.871648038,-87.723784586
8436469,01/11/2012 04:25:00 PM,ROBBERY,STREET,True,41.784579667,-87.693850559
8436488,01/11/2012 02:20:00 PM,ROBBERY,SIDEWALK,True,42.003001416,-87.670527626
8436690,01/11/2012 07:30:00 PM,ROBBERY,SIDEWALK,True,41.723499177,-87.629900725
8436797,01/11/2012 09:33:00 PM,ROBBERY,CTA GARAGE / OTHER PROPERTY,True,41.780243493,-87.615319321
8436896,01/12/2012 12:36:00 AM,ROBBERY,APARTMENT,True,41.769882726,-87.594803796
8438908,01/13/2012 10:10:00 AM,ROBBERY,BANK,True,41.936580597,-87.72711396
8438915,01/13/2012 11:28:00 AM,ROBBERY,BANK,True,41.866810739,-87.625817031
8439600,01/14/2012 12:25:00 AM,ROBBERY,APARTMENT,True,41.871089003,-87.736475205
8439745,01/14/2012 05:05:00 AM,ROBBERY,PARKING LOT/GARAGE(NON.RESID.),True,41.751100797,-87.58505475
8440215,01/14/2012 07:20:00 PM,ROBBERY,ALLEY,True,41.850930304,-87.734486079
8440891,01/15/2012 12:40:00 PM,ROBBERY,SIDEWALK,True,41.731461498,-87.549899655
8441088,01/15/2012 04:00:00 PM,ROBBERY,ALLEY,True,41.843403566,-87.635451788
8441120,01/15/2012 03:50:00 PM,ROBBERY,ALLEY,True,41.784610364,-87.691972935
8441701,01/16/2012 10:00:00 AM,ROBBERY,BANK,True,41.890305145,-87.634034351
8441877,01/16/2012 01:46:00 PM,ROBBERY,STREET,True,41.738464234,-87.666780556
8442065,01/16/2012 05:20:00 PM,ROBBERY,STREET,True,41.795111262,-87.70360708
8442187,01/16/2012 04:30:00 PM,ROBBERY,SIDEWALK,True,41.794519322,-87.693821441
8442220,01/16/2012 06:58:00 PM,ROBBERY,PARKING LOT/GARAGE(NON.RESID.),True,41.722578383,-87.662706548
8442302,01/16/2012 09:45:00 PM,ROBBERY,STREET,True,41.735972951,-87.619362917
8442321,01/16/2012 10:35:00 PM,ROBBERY,SIDEWALK,True,41.842695834,-87.61721984
8442405,01/16/2012 10:50:00 PM,ROBBERY,SIDEWALK,True,41.830901751,-87.634721653
8442434,01/16/2012 11:15:00 PM,ROBBERY,TAXICAB,True,41.928354049,-87.653713054
8443409,01/13/2012 04:00:00 PM,ROBBERY,ALLEY,True,41.989936448,-87.668176585
8443533,01/17/2012 03:35:00 PM,ROBBERY,ALLEY,True,41.749568871,-87.71356213
8443953,01/17/2012 09:55:00 PM,ROBBERY,SIDEWALK,True,41.966392804,-87.657173479
8445475,01/18/2012 06:05:00 PM,ROBBERY,SIDEWALK,True,41.769617134,-87.718365659
8446869,01/18/2012 11:45:00 PM,ROBBERY,APARTMENT,True,41.969078381,-87.65560801
8447016,01/19/2012 08:50:00 PM,ROBBERY,STREET,True,41.783098885,-87.665119513
8447729,01/20/2012 12:20:00 PM,ROBBERY,BANK,True,41.904221664,-87.667829056
8448050,01/20/2012 06:00:00 PM,ROBBERY,STREET,True,41.747514446,-87.575909455
8448640,01/21/2012 02:38:00 PM,ROBBERY,BANK,True,41.896644852,-87.630523558
8448757,01/21/2012 06:47:00 PM,ROBBERY,CTA BUS,True,41.765797912,-87.610128694
8449776,01/22/2012 09:09:00 PM,ROBBERY,SIDEWALK,True,41.978148052,-87.71238779
8450463,01/23/2012 10:46:00 AM,ROBBERY,SMALL RETAIL STORE,True,41.677501688,-87.663463911
8450836,01/23/2012 07:25:00 AM,ROBBERY,SMALL RETAIL STORE,True,41.931417509,-87.755078443
8450869,01/23/2012 02:16:00 PM,ROBBERY,GAS STATION,True,41.880399914,-87.753008553
8450871,01/23/2012 02:30:00 PM,ROBBERY,SIDEWALK,True,41.897963083,-87.632033445
8451350,01/23/2012 11:12:00 PM,ROBBERY,TAXICAB,True,41.769953125,-87.628286372
8451500,01/23/2012 08:20:00 PM,ROBBERY,SIDEWALK,True,41.910382056,-87.683084927
8452217,01/23/2012 02:55:00 PM,ROBBERY,SIDEWALK,True,41.851015522,-87.705228282
8452570,01/24/2012 01:30:00 PM,ROBBERY,OTHER COMMERCIAL TRANSPORTATION,True,41.834071798,-87.672350486
8453036,01/24/2012 09:15:00 PM,ROBBERY,STREET,True,41.997532265,-87.701181262
8453113,01/24/2012 09:15:00 PM,ROBBERY,RESIDENTIAL YARD (FRONT/BACK),True,41.917096454,-87.806036895
8454207,01/25/2012 01:14:00 PM,ROBBERY,CTA BUS,True,41.794343065,-87.623618507
8454227,01/25/2012 01:03:00 PM,ROBBERY,CTA PLATFORM,True,41.819719964,-87.621493041
8454568,01/25/2012 05:20:00 PM,ROBBERY,GROCERY FOOD STORE,True,41.818459522,-87.697116142
8454710,01/25/2012 06:25:00 PM,ROBBERY,ALLEY,True,41.852338271,-87.625488371
8456173,01/26/2012 02:58:00 PM,ROBBERY,SIDEWALK,True,41.788971887,-87.698548194
8456198,01/26/2012 02:45:00 PM,ROBBERY,ALLEY,True,41.79346808,-87.70673657
8456298,01/26/2012 06:15:00 PM,ROBBERY,STREET,True,41.836600771,-87.61677038
8457718,01/27/2012 05:26:00 PM,ROBBERY,RESIDENCE PORCH/HALLWAY,True,41.750051842,-87.556024504
8457916,01/27/2012 08:39:00 PM,ROBBERY,STREET,True,41.748992858,-87.632436896
8458475,01/28/2012 11:35:00 AM,ROBBERY,BANK,True,41.945649631,-87.688225744
8458682,01/28/2012 04:25:00 PM,ROBBERY,SIDEWALK,True,42.008868388,-87.68056692
8459153,01/29/2012 04:00:00 AM,ROBBERY,RESIDENCE,True,41.899067847,-87.720559635
8459231,01/29/2012 03:45:00 AM,ROBBERY,TAXICAB,True,41.954321836,-87.749864254
8459794,01/29/2012 06:45:00 PM,ROBBERY,RESIDENTIAL YARD (FRONT/BACK),True,41.8657267,-87.65445017
8459992,01/29/2012 10:20:00 PM,ROBBERY,SIDEWALK,True,41.88932264,-87.717406181
8460840,01/30/2012 12:15:00 PM,ROBBERY,BANK,True,41.904221664,-87.667829056
8460841,01/30/2012 12:45:00 PM,ROBBERY,STREET,True,41.782305334,-87.693480841
8462441,01/31/2012 09:36:00 AM,ROBBERY,STREET,True,41.899624779,-87.726214733
8462810,01/31/2012 12:38:00 PM,ROBBERY,SIDEWALK,True,41.731390853,-87.648363464
8463112,01/31/2012 07:45:00 PM,ROBBERY,CTA BUS,True,41.712549382,-87.534992133
8463407,01/31/2012 11:52:00 PM,ROBBERY,PARKING LOT/GARAGE(NON.RESID.),True,41.880751096,-87.723855981
8463410,01/31/2012 11:51:00 PM,ROBBERY,SIDEWALK,True,41.909470439,-87.629471794
8463414,02/01/2012 01:00:00 AM,ROBBERY,CTA TRAIN,True,41.799808989,-87.723350952
8463943,02/01/2012 10:30:00 AM,ROBBERY,SIDEWALK,True,41.767020109,-87.595181198
